dataset,episode,hand,t0,t1,dur,mid_frame,mid_t,within_std,object,category,label,d_TI,d_TM,d_TR,d_TP,d_IM,d_IR,d_IP,d_MR,d_MP,d_RP
hrdexdb,inspire_f1/bamboo_box/0,inspire_rh56f1_right_hrdexdb,15.680546760559082,17.580839157104492,1.9002923965454102,831,16.62054467201233,0.008407299406826496,bamboo_box,box,F1|box|bamboo_box@16s,1.4554856,1.0830408,1.0508835,1.4992583,0.6331549,1.1329194,1.2839444,0.53195494,0.77342623,0.44980502
hrdexdb,inspire_f1/bamboo_box/1,inspire_rh56f1_right_hrdexdb,13.179713249206543,15.679720878601074,2.5000076293945312,721,14.419506549835205,0.0054095154628157616,bamboo_box,box,F1|box|bamboo_box@13s,1.0359664,1.1166681,1.0431767,1.6606376,0.39368603,0.92211324,1.1450123,0.63660336,0.77615386,0.66978425
hrdexdb,inspire_f1/bamboo_box/2,inspire_rh56f1_right_hrdexdb,15.404120683670044,17.82376527786255,2.419644594192505,830,16.6039080619812,0.004331064876168966,bamboo_box,box,F1|box|bamboo_box@15s,1.2138574,1.0108469,1.1609408,1.374796,0.5062776,0.87008363,1.2653222,0.3910912,0.80798984,0.42938048
hrdexdb,inspire_f1/bamboo_box/3,inspire_rh56f1_right_hrdexdb,12.779973268508911,15.27970004081726,2.4997267723083496,701,14.020331144332886,0.008008288219571114,bamboo_box,box,F1|box|bamboo_box@13s,1.2766871,1.0756582,0.9415936,1.3596493,0.49895313,1.1482553,1.2882012,0.71003777,0.8337242,0.4314256
hrdexdb,inspire_f1/bamboo_box/4,inspire_rh56f1_right_hrdexdb,11.20651125907898,14.166560888290405,2.960049629211426,634,12.686952352523804,0.030265461653470993,bamboo_box,box,F1|box|bamboo_box@11s,1.0802763,0.99134284,1.1207286,1.1376163,0.39899537,0.7694505,1.4758891,0.38151565,1.2145631,1.0237551
hrdexdb,inspire_f1/box_pink/0,inspire_rh56f1_right_hrdexdb,9.419798135757446,12.099616527557373,2.6798183917999268,538,10.760087251663208,0.017594870179891586,box_pink,box,F1|box|box_pink@9s,0.581446,0.71182287,0.84265983,0.9490273,0.44684368,0.7622256,1.06594,0.34355295,0.7966964,0.55301535
hrdexdb,inspire_f1/box_pink/1,inspire_rh56f1_right_hrdexdb,9.942782163619995,11.743033409118652,1.8002512454986572,542,10.84278130531311,0.004288738127797842,box_pink,box,F1|box|box_pink@10s,0.5386626,0.49743292,0.67862564,0.89626586,0.6169728,0.95391023,1.1807086,0.38307655,0.7318003,0.40798965
hrdexdb,inspire_f1/box_pink/2,inspire_rh56f1_right_hrdexdb,12.703032493591309,18.12329626083374,5.420263767242432,770,15.402887105941772,0.02637602388858795,box_pink,box,F1|box|box_pink@13s,0.5322904,0.26501578,0.8317477,0.6819714,0.35707608,0.76495785,1.0512272,0.627948,0.7181889,0.70836604
hrdexdb,inspire_f1/box_pink/3,inspire_rh56f1_right_hrdexdb,11.599900960922241,15.879990816116333,4.280089855194092,687,13.739964723587036,0.0320594385266304,box_pink,box,F1|box|box_pink@12s,0.39633763,0.35570726,0.7049859,0.900008,0.4492074,0.9843826,1.1344492,0.57606965,0.85677654,0.8936532
hrdexdb,inspire_f1/box_pink/4,inspire_rh56f1_right_hrdexdb,11.902003526687622,14.362040758132935,2.4600372314453125,656,13.121969223022461,0.006933193653821945,box_pink,box,F1|box|box_pink@12s,0.8450023,0.39561757,0.64370596,0.9433132,1.0803835,1.4179087,1.2438189,0.43812248,0.9280657,0.8449391
hrdexdb,inspire_f1/coffee_tin/0,inspire_rh56f1_right_hrdexdb,13.311078310012817,15.631171941757202,2.3200936317443848,723,14.471510410308838,0.00991591066122055,coffee_tin,jar_can,F1|jar_can|coffee_tin@13s,1.1318892,0.4428463,0.659995,0.81962043,1.0427942,1.3279979,1.3822912,0.383804,0.6903103,0.41523877
hrdexdb,inspire_f1/coffee_tin/1,inspire_rh56f1_right_hrdexdb,22.385616540908813,28.52577495574951,6.140158414840698,1272,25.44523334503174,0.023098710924386978,coffee_tin,jar_can,F1|jar_can|coffee_tin@22s,0.61477816,0.6022032,1.1330752,0.81990457,0.42997158,0.9871796,1.0128908,0.60406005,0.6872755,0.69163686
hrdexdb,inspire_f1/coffee_tin/4,inspire_rh56f1_right_hrdexdb,11.279910802841187,12.799926280975342,1.5200154781341553,602,12.03999924659729,0.003135583596304059,coffee_tin,jar_can,F1|jar_can|coffee_tin@11s,1.3823115,1.1314481,1.2665848,1.4618236,0.5016425,0.8451346,1.2127769,0.38668886,0.7772023,0.39685363
hrdexdb,inspire_f1/coffee_tin/5,inspire_rh56f1_right_hrdexdb,12.069302082061768,14.769480466842651,2.700178384780884,670,13.40937328338623,0.010321303270757198,coffee_tin,jar_can,F1|jar_can|coffee_tin@12s,1.203228,1.2417333,1.9983858,2.0200403,0.41070655,0.9796909,1.2271992,0.78995615,0.91224563,0.45364863
hrdexdb,inspire_f1/coffee_tin/6,inspire_rh56f1_right_hrdexdb,14.045894145965576,16.64547896385193,2.5995848178863525,767,15.345474004745483,0.004508629906922579,coffee_tin,jar_can,F1|jar_can|coffee_tin@14s,0.5779013,0.3156219,0.4682506,0.7758703,0.36470205,0.68050086,1.00574,0.34050554,0.69027424,0.35439798
hrdexdb,inspire_f1/coffee_tin/7,inspire_rh56f1_right_hrdexdb,13.586049556732178,16.426116228103638,2.84006667137146,750,15.005918979644775,0.006854889448732138,coffee_tin,jar_can,F1|jar_can|coffee_tin@14s,1.9145986,1.1329446,1.2844037,1.5004234,0.94456476,1.1436313,1.4079796,0.38907745,0.7807826,0.39749345
hrdexdb,inspire_f1/frame_oak/0,inspire_rh56f1_right_hrdexdb,14.447487592697144,17.847447395324707,3.3999598026275635,807,16.14746332168579,0.026905274018645287,frame_oak,other,F1|other|frame_oak@14s,0.5761902,0.33261147,0.45178875,0.7600903,0.35401326,0.7015976,1.0453361,0.35583004,0.7099843,0.37265378
hrdexdb,inspire_f1/frog_cup/0,inspire_rh56f1_right_hrdexdb,9.28292727470398,10.822689294815063,1.539762020111084,502,10.042414903640747,0.007676977664232254,frog_cup,cup,F1|cup|frog_cup@9s,1.2433283,1.1645236,1.1939075,1.6024528,0.43053225,0.8483803,1.1665463,0.4329533,0.7771887,0.4402981
hrdexdb,inspire_f1/frog_cup/1,inspire_rh56f1_right_hrdexdb,9.499795198440552,11.07918643951416,1.5793912410736084,514,10.279558181762695,0.008174605667591095,frog_cup,cup,F1|cup|frog_cup@9s,0.99985397,1.1168003,1.3214462,1.2962226,0.4203857,0.8224108,1.135103,0.41197827,0.78314745,0.4582494
hrdexdb,inspire_f1/frog_cup/3,inspire_rh56f1_right_hrdexdb,10.2619149684906,13.94203782081604,3.6801228523254395,605,12.102262735366821,0.006904604844748974,frog_cup,cup,F1|cup|frog_cup@10s,0.61938804,0.71012974,1.3075213,0.91252494,0.474984,1.0793887,1.0144866,0.6573582,0.6743915,0.717158
hrdexdb,inspire_f1/frog_cup/4,inspire_rh56f1_right_hrdexdb,12.073388814926147,14.213745832443237,2.14035701751709,656,13.133589744567871,0.007092013955116272,frog_cup,cup,F1|cup|frog_cup@12s,0.6102228,0.49619427,0.9420625,1.0155759,0.3371446,0.7342908,0.99443835,0.5133146,0.6859537,0.43943962
hrdexdb,inspire_f1/frog_cup/5,inspire_rh56f1_right_hrdexdb,10.13987684249878,11.399763345718384,1.2598865032196045,538,10.75983476638794,0.005054099950939417,frog_cup,cup,F1|cup|frog_cup@10s,1.466043,1.2156668,1.5363641,1.7783582,0.51010215,0.8053497,1.1880499,0.44479233,0.83974034,0.41427606
hrdexdb,inspire_f1/frog_cup/6,inspire_rh56f1_right_hrdexdb,11.961362361907959,13.181159734725952,1.2197973728179932,628,12.561055183410645,0.005556589458137751,frog_cup,cup,F1|cup|frog_cup@12s,1.0910532,1.1624784,1.2631248,1.353602,0.39784703,0.7721373,1.1507365,0.38931766,0.8049751,0.4371589
hrdexdb,inspire_f1/fruit_cutter_base/0,inspire_rh56f1_right_hrdexdb,14.219558238983154,16.95951247215271,2.7399542331695557,779,15.579426527023315,0.00014216915587894619,fruit_cutter_base,other,F1|other|fruit_cutter_base@14s,0.37664005,0.24485841,0.43866935,0.75097233,0.35908556,0.7067711,1.0569717,0.3550306,0.718073,0.36909404
hrdexdb,inspire_f1/green_soap_dispenser/0,inspire_rh56f1_right_hrdexdb,9.291332244873047,10.471125602722168,1.179793357849121,493,9.871328592300415,0.0018642190843820572,green_soap_dispenser,other,F1|other|green_soap_dispenser@9s,1.397365,1.2354887,1.3721335,1.455184,0.47030574,0.832432,1.2527629,0.39080748,0.8191355,0.4575094
hrdexdb,inspire_f1/lotion/0,inspire_rh56f1_right_hrdexdb,11.640093088150024,14.119884252548218,2.4797911643981934,644,12.88015103340149,0.02255556732416153,lotion,lotion_bottle,F1|lotion_bottle|lotion@12s,0.54139,1.6668785,1.7173331,1.7135679,1.4812285,1.5706751,1.6145899,0.40735272,0.8225636,0.43579885
hrdexdb,inspire_f1/lotion/1,inspire_rh56f1_right_hrdexdb,13.260567426681519,15.000296592712402,1.7397291660308838,706,14.120723009109497,0.007846561260521412,lotion,lotion_bottle,F1|lotion_bottle|lotion@13s,1.3630965,1.2582,1.3980603,1.8266764,0.42493373,0.7970849,1.2048749,0.3940067,0.86612064,0.50954074
hrdexdb,inspire_f1/lotion/2,inspire_rh56f1_right_hrdexdb,12.652241706848145,15.19259238243103,2.5403506755828857,695,13.91259217262268,0.0021496021654456854,lotion,lotion_bottle,F1|lotion_bottle|lotion@13s,1.1805266,1.8336467,2.1633341,2.2516704,0.6848049,1.0993543,1.3346567,0.46811187,0.82211465,0.42534727
hrdexdb,inspire_f1/lotion/3,inspire_rh56f1_right_hrdexdb,17.385803699493408,19.46647357940674,2.08066987991333,921,18.426183700561523,0.005726171191781759,lotion,lotion_bottle,F1|lotion_bottle|lotion@17s,1.5610636,1.3143111,1.6998582,2.0313983,0.50460714,0.8070425,1.2179544,0.48130077,0.94705683,0.47292054
hrdexdb,inspire_f1/lotion/4,inspire_rh56f1_right_hrdexdb,17.546414375305176,19.1667959690094,1.6203815937042236,917,18.34671449661255,0.0066993022337555885,lotion,lotion_bottle,F1|lotion_bottle|lotion@18s,0.5582676,0.4397648,1.4582609,1.8639351,0.36771956,1.3883407,1.7623868,1.1592103,1.5205975,0.5295001
hrdexdb,inspire_f1/pastel_blue_cup/1,inspire_rh56f1_right_hrdexdb,13.910851955413818,15.410799503326416,1.4999475479125977,732,14.650594234466553,0.008871511556208134,pastel_blue_cup,cup,F1|cup|pastel_blue_cup@14s,1.3735783,1.1648266,0.9751489,1.1883352,0.4489729,0.92365634,1.2591313,0.50071526,0.84348696,0.38828358
hrdexdb,inspire_f1/pastel_blue_cup/2,inspire_rh56f1_right_hrdexdb,14.370313167572021,16.430190801620483,2.059877634048462,769,15.39040231704712,0.015417511574923992,pastel_blue_cup,cup,F1|cup|pastel_blue_cup@14s,0.46615496,0.41541326,1.1565597,1.2915053,0.3738324,1.2018611,1.4277846,1.1800842,1.3330989,0.34451923
hrdexdb,inspire_f1/pastel_blue_cup/2,inspire_rh56f1_right_hrdexdb,20.650214910507202,21.730336666107178,1.0801217555999756,1059,21.189929246902466,0.04670107364654541,pastel_blue_cup,cup,F1|cup|pastel_blue_cup@21s,0.55299455,1.0049969,1.2546645,1.6401992,0.5881078,0.8259655,1.1874418,0.32159716,0.6909121,0.38969237
hrdexdb,inspire_f1/pastel_blue_cup/3,inspire_rh56f1_right_hrdexdb,11.386598825454712,13.266684532165527,1.8800857067108154,616,12.3264901638031,0.03061562217772007,pastel_blue_cup,cup,F1|cup|pastel_blue_cup@11s,1.1127632,0.9753737,1.0492111,1.1821141,0.40834156,0.7819205,1.1680601,0.384355,0.78500724,0.4182108
hrdexdb,inspire_f1/pastel_blue_cup/3,inspire_rh56f1_right_hrdexdb,13.946834802627563,14.78659701347351,0.8397622108459473,718,14.366496801376343,0.00497624184936285,pastel_blue_cup,cup,F1|cup|pastel_blue_cup@14s,1.0278395,1.0289332,1.3209779,1.531626,0.39621133,0.771196,1.1408137,0.403556,0.77175575,0.39690682
hrdexdb,inspire_f1/pastel_blue_cup/4,inspire_rh56f1_right_hrdexdb,11.919866800308228,17.499694108963013,5.579827308654785,735,14.699731349945068,0.07637046277523041,pastel_blue_cup,cup,F1|cup|pastel_blue_cup@12s,1.1872104,0.9364514,0.7511434,1.0914922,0.47765437,0.86633456,1.1738825,0.41288808,0.7720892,0.41118228
hrdexdb,inspire_f1/pastel_blue_cup/5,inspire_rh56f1_right_hrdexdb,20.769536018371582,22.309330940246582,1.539794921875,1076,21.52934455871582,0.009638055227696896,pastel_blue_cup,cup,F1|cup|pastel_blue_cup@21s,1.879365,1.1977206,1.1597921,1.1802665,0.8165859,1.1307483,1.5160849,0.4082851,0.84767985,0.4558899
hrdexdb,inspire_f1/pastel_blue_cup/6,inspire_rh56f1_right_hrdexdb,11.206220626831055,12.32593059539795,1.1197099685668945,588,11.76649808883667,0.001548280008137226,pastel_blue_cup,cup,F1|cup|pastel_blue_cup@11s,1.149234,1.0179993,1.0909147,0.9548215,0.4009039,0.77598625,1.2579527,0.3853723,0.92143136,0.6492983
hrdexdb,inspire_f1/pastel_blue_cup/7,inspire_rh56f1_right_hrdexdb,13.240580558776855,14.92021107673645,1.6796305179595947,704,14.080082178115845,0.008576715365052223,pastel_blue_cup,cup,F1|cup|pastel_blue_cup@13s,0.38327536,0.3733101,0.5447685,1.0799941,0.44441292,0.7343144,1.3872038,0.4417628,1.0110229,1.000592
hrdexdb,inspire_f1/plastic_elephant_jug/0,inspire_rh56f1_right_hrdexdb,18.943674087524414,20.663561582565308,1.7198874950408936,990,19.80370593070984,0.0010547671699896455,plastic_elephant_jug,watering_can_jug,F1|watering_can_jug|plastic_elephant_jug@19s,1.2098277,1.4725277,1.6616293,1.8683006,0.33530298,0.6273142,0.9337776,0.30595896,0.6254829,0.3223525
hrdexdb,inspire_f1/plastic_elephant_jug/1,inspire_rh56f1_right_hrdexdb,12.419553518295288,14.259644269943237,1.8400907516479492,667,13.33976697921753,0.014845247380435467,plastic_elephant_jug,watering_can_jug,F1|watering_can_jug|plastic_elephant_jug@12s,0.8612724,0.31328267,0.40061256,0.7547595,0.5997456,0.9617989,1.2621378,0.39973184,0.7564116,0.3723719
hrdexdb,inspire_f1/plastic_elephant_jug/2,inspire_rh56f1_right_hrdexdb,12.94005274772644,14.84013557434082,1.9000828266143799,694,13.880012512207031,0.011060943827033043,plastic_elephant_jug,watering_can_jug,F1|watering_can_jug|plastic_elephant_jug@13s,0.37516966,0.3728359,0.6612797,0.8424477,0.43710107,0.876863,1.1009331,0.4592875,0.7220361,0.4605381
hrdexdb,inspire_f1/plastic_elephant_jug/3,inspire_rh56f1_right_hrdexdb,9.531362771987915,10.951240062713623,1.419877290725708,511,10.2313814163208,0.0006773851346224546,plastic_elephant_jug,watering_can_jug,F1|watering_can_jug|plastic_elephant_jug@10s,0.36844805,0.30028623,0.5013017,0.79922795,0.41378683,0.7508055,1.1025971,0.35837403,0.7238159,0.37106934
hrdexdb,inspire_f1/plastic_elephant_jug/4,inspire_rh56f1_right_hrdexdb,20.950080156326294,22.990399599075317,2.0403194427490234,1098,21.97024703025818,0.0004148577281739563,plastic_elephant_jug,watering_can_jug,F1|watering_can_jug|plastic_elephant_jug@21s,0.40378118,0.34348416,0.5576992,0.82653576,0.38063842,0.7464636,1.1081353,0.37921217,0.74823755,0.3938715
hrdexdb,inspire_f1/redcar/2,inspire_rh56f1_right_hrdexdb,8.226796388626099,10.3268723487854,2.1000759601593018,463,9.2667236328125,0.021660229191184044,redcar,other,F1|other|redcar@8s,0.8612661,0.8885128,0.5644335,0.9398851,0.42004064,0.81196404,1.1512274,0.5639686,0.8080652,0.42800876
hrdexdb,inspire_f1/servingbowl_small/0,inspire_rh56f1_right_hrdexdb,10.76825213432312,12.708765506744385,1.9405133724212646,586,11.728876113891602,0.005862729623913765,servingbowl_small,other,F1|other|servingbowl_small@11s,0.41098693,0.12388668,0.32756543,0.68433875,0.35278904,0.69971794,1.0509235,0.35426703,0.71669215,0.36738008
hrdexdb,inspire_f1/spam_can/0,inspire_rh56f1_right_hrdexdb,9.641446828842163,10.921536922454834,1.280090093612671,514,10.281720399856567,0.0026648943312466145,spam_can,jar_can,F1|jar_can|spam_can@10s,1.4156321,0.7207654,0.8207232,1.3004051,0.7834281,1.0553124,1.2280608,0.37569878,0.7935042,0.48355353
hrdexdb,inspire_f1/spam_can/1,inspire_rh56f1_right_hrdexdb,9.880067110061646,12.080095529556274,2.200028419494629,549,10.97992205619812,0.05527356266975403,spam_can,jar_can,F1|jar_can|spam_can@10s,1.3172487,0.85092545,0.92957574,1.3324691,0.5400084,0.8389739,1.171383,0.38331556,0.8394534,0.48303315
hrdexdb,inspire_f1/spam_can/2,inspire_rh56f1_right_hrdexdb,10.679604291915894,12.120513916015625,1.4409096240997314,570,11.399574995040894,0.007051271852105856,spam_can,jar_can,F1|jar_can|spam_can@11s,0.8874571,0.696518,1.742257,1.8650852,0.39366153,1.189111,1.4741862,1.0849824,1.2772969,0.41749704
hrdexdb,inspire_f1/spam_can/3,inspire_rh56f1_right_hrdexdb,11.539193630218506,13.5192289352417,1.9800353050231934,626,12.519546508789062,0.005857451353222132,spam_can,jar_can,F1|jar_can|spam_can@12s,0.8825379,0.6810421,0.8331191,1.3654155,0.38370138,0.74399716,1.2071365,0.383503,0.9104733,0.5592702
hrdexdb,inspire_f1/spam_can/4,inspire_rh56f1_right_hrdexdb,10.268478393554688,11.828447103500366,1.5599687099456787,552,11.048519372940063,0.20256690680980682,spam_can,jar_can,F1|jar_can|spam_can@10s,1.9224333,0.8378718,0.7943345,1.6901965,1.1416466,1.4034908,1.2495211,0.40178484,1.0461563,0.8945703
hrdexdb,inspire_f1/spray_bottle/0,inspire_rh56f1_right_hrdexdb,11.743613958358765,12.80367112159729,1.0600571632385254,613,12.263611078262329,0.0016512129222974181,spray_bottle,spray_bottle,F1|spray_bottle|spray_bottle@12s,0.8002689,0.901786,1.4413086,2.0609064,0.39839154,0.7974805,1.3642755,0.5442502,1.1625484,0.64695525
hrdexdb,inspire_f1/spray_bottle/1,inspire_rh56f1_right_hrdexdb,16.079529762268066,16.959468603134155,0.8799388408660889,826,16.519554376602173,0.0022268786560744047,spray_bottle,spray_bottle,F1|spray_bottle|spray_bottle@16s,0.9368262,1.0277758,1.4128951,2.115866,0.4073681,0.7598407,1.3263012,0.40884933,1.1014061,0.74245304
hrdexdb,inspire_f1/spray_bottle/2,inspire_rh56f1_right_hrdexdb,10.359972476959229,11.48026180267334,1.1202893257141113,546,10.919874668121338,0.005550401285290718,spray_bottle,spray_bottle,F1|spray_bottle|spray_bottle@10s,1.0168961,0.9361349,1.171251,1.5025232,0.39810643,0.76832515,1.1628736,0.39729667,0.81428385,0.42453635
hrdexdb,inspire_f1/spray_bottle/3,inspire_rh56f1_right_hrdexdb,17.584178686141968,19.983895301818848,2.39971661567688,939,18.78435754776001,0.007019989192485809,spray_bottle,spray_bottle,F1|spray_bottle|spray_bottle@18s,0.76757574,0.4252929,0.59624994,0.9818297,0.5099603,0.88344073,1.0961851,0.3962144,0.7493647,0.5230702
hrdexdb,inspire_f1/spray_bottle/4,inspire_rh56f1_right_hrdexdb,17.140510320663452,19.960342407226562,2.8198320865631104,927,18.543976068496704,0.006616621278226376,spray_bottle,spray_bottle,F1|spray_bottle|spray_bottle@17s,0.7978364,0.696515,0.9070266,1.4260893,0.3840993,0.74285865,1.1789093,0.3743904,0.86728394,0.52777064
hrdexdb,inspire_f1/spray_bottle/5,inspire_rh56f1_right_hrdexdb,13.202720642089844,14.682724475860596,1.480003833770752,697,13.942898750305176,0.0027496798429638147,spray_bottle,spray_bottle,F1|spray_bottle|spray_bottle@13s,0.5734115,0.4526044,0.6565125,0.9982142,0.36170518,0.72882575,1.0764174,0.38413197,0.7415763,0.36651775
hrdexdb,inspire_f1/standing_frame/0,inspire_rh56f1_right_hrdexdb,9.780078411102295,11.46003007888794,1.6799516677856445,531,10.620255708694458,0.0017406686674803495,standing_frame,other,F1|other|standing_frame@10s,0.37159947,0.23964815,0.45117214,0.740485,0.3557631,0.7016455,1.0603337,0.3546293,0.72402066,0.389061
hrdexdb,inspire_f1/washing_brush/0,inspire_rh56f1_right_hrdexdb,9.699881553649902,15.019883871078491,5.320002317428589,618,12.359704494476318,0.07709205150604248,washing_brush,other,F1|other|washing_brush@10s,0.581974,0.74555844,1.240272,0.90262187,0.505069,1.1618423,1.0206046,0.71085423,0.71448326,0.87276644
hrdexdb,inspire_f1/white_wood_handle_watering_can/2,inspire_rh56f1_right_hrdexdb,13.225780725479126,17.965928316116333,4.740147590637207,779,15.586053848266602,0.010512107983231544,white_wood_handle_watering_can,watering_can_jug,F1|watering_can_jug|white_wood_handle_watering_can@13s,0.5349977,0.49282083,0.7280661,2.00718,0.3528607,0.69641566,1.7380246,0.37523365,1.5556153,1.4798056
hrdexdb,inspire_f1/white_wood_handle_watering_can/5,inspire_rh56f1_right_hrdexdb,15.43982744216919,17.77994680404663,2.3401193618774414,830,16.599911212921143,0.005428618751466274,white_wood_handle_watering_can,watering_can_jug,F1|watering_can_jug|white_wood_handle_watering_can@15s,0.53815216,0.47971678,1.7688828,1.9223549,0.3435999,1.5961266,1.7746433,1.5165913,1.6258545,0.41949394
hrdexdb,inspire_f1/yellow_plastic_glass/0,inspire_rh56f1_right_hrdexdb,11.859649419784546,13.399595975875854,1.5399465560913086,631,12.619593143463135,0.002741756848990917,yellow_plastic_glass,other,F1|other|yellow_plastic_glass@12s,1.1811527,0.5988192,0.64799356,1.084049,0.6509011,0.9424746,1.1956798,0.38044047,0.81302446,0.47881928
realdex,blue_cup/blue_cup_1_20240106,shadow_e_right_realdex,2.911465984,6.71331072,3.801844736,73,4.782517248,0.19305181503295898,blue_cup,cup,Shadow|cup|blue_cup@3s,1.408216,1.4461203,1.478605,1.2927866,0.38568604,0.78804857,1.0200851,0.4304011,0.72053325,0.32563248
realdex,blue_cup/blue_cup_1_20240106,shadow_e_right_realdex,8.190721536,12.652106752,4.461385216,157,10.385293568,0.17451411485671997,blue_cup,cup,Shadow|cup|blue_cup@8s,1.9296148,1.371408,1.3783152,1.4071093,0.7519862,1.1034236,1.3511072,0.44456068,0.65521514,0.20487842
realdex,blue_cup/blue_cup_1_20240106,shadow_e_right_realdex,13.786822912,17.054416896,3.2675939839999995,232,15.39612544,0.20421123504638672,blue_cup,cup,Shadow|cup|blue_cup@14s,1.4154892,1.3863487,1.3544059,1.2460642,0.38079798,0.7373577,1.0593882,0.38341904,0.688202,0.3448786
realdex,blue_cup/blue_cup_1_20240106,shadow_e_right_realdex,18.384170752,22.717604352,4.333433599999999,309,20.520303616,0.1868288666009903,blue_cup,cup,Shadow|cup|blue_cup@18s,2.078711,1.3798156,1.3914818,1.3277261,0.9563157,1.2071741,1.4163935,0.33501333,0.52388716,0.2100742
realdex,blue_cup/blue_cup_1_20240106,shadow_e_right_realdex,24.052313856,27.384698368,3.3323845119999973,387,25.720570368,0.19606827199459076,blue_cup,cup,Shadow|cup|blue_cup@24s,1.4014698,1.5400133,1.4393014,1.2285172,0.3862349,0.7713216,1.0563679,0.43187374,0.79374725,0.3485211
realdex,blue_cup/blue_cup_1_20240106,shadow_e_right_realdex,28.526967808,31.522230272,2.995262464000003,451,29.992139776,0.1827234923839569,blue_cup,cup,Shadow|cup|blue_cup@29s,2.1237078,1.5298773,1.4590098,1.4156041,0.95965266,1.2598202,1.6360164,0.4387933,0.83408844,0.45017812
realdex,blue_cup/blue_cup_1_20240106,shadow_e_right_realdex,32.662097408,36.865828352,4.203730944,522,34.73432576,0.183907151222229,blue_cup,cup,Shadow|cup|blue_cup@33s,1.3193613,1.3972881,1.3494954,1.2272873,0.36840722,0.7385309,1.0250509,0.39765486,0.74474037,0.40533933
realdex,blue_cup/blue_cup_1_20240106,shadow_e_right_realdex,38.133310464,41.62595712,3.492646656000005,599,39.860059136,0.20444583892822266,blue_cup,cup,Shadow|cup|blue_cup@38s,2.0265756,1.4544798,1.4912839,1.4458592,0.8909053,1.1806093,1.6016967,0.41503018,0.8827002,0.54003227
realdex,blue_cup/blue_cup_1_20240106,shadow_e_right_realdex,42.669661696,45.796609792,3.1269480959999996,664,44.197957376,0.2358582764863968,blue_cup,cup,Shadow|cup|blue_cup@43s,1.3811177,1.3692952,1.3450582,1.1724349,0.36731392,0.7832148,1.1040046,0.4300846,0.8039331,0.380955
realdex,blue_cup/blue_cup_1_20240106,shadow_e_right_realdex,46.932373504,50.209869056,3.277495552000005,729,48.539976448,0.1874767690896988,blue_cup,cup,Shadow|cup|blue_cup@47s,1.8117537,1.342272,1.3056711,1.267925,0.6930387,1.0596397,1.3702258,0.4379123,0.73091316,0.2895196
realdex,blue_cup/blue_cup_1_20240106,shadow_e_right_realdex,51.267340544,54.74120576,3.473865216,796,52.99380608,0.20109471678733826,blue_cup,cup,Shadow|cup|blue_cup@51s,1.2388263,1.434194,1.2744745,1.1600949,0.47329244,0.7945659,1.1041657,0.43516293,0.83399767,0.39496517
realdex,blue_cup/blue_cup_1_20240106,shadow_e_right_realdex,55.796579072,58.537827072,2.741247999999999,858,57.136796928,0.21265509724617004,blue_cup,cup,Shadow|cup|blue_cup@56s,2.15256,1.4892156,1.4064758,1.3154352,0.9846704,1.3366647,1.6859895,0.40857726,0.8841343,0.44949627
realdex,blue_cup/blue_cup_1_20240106,shadow_e_right_realdex,59.546412544,62.34344192,2.7970293759999976,915,60.939745792,0.2514306902885437,blue_cup,cup,Shadow|cup|blue_cup@60s,1.3653919,1.3451936,1.3615466,1.2502266,0.3969994,0.78887564,1.1128719,0.41071805,0.7525905,0.37075582
realdex,blue_cup/blue_cup_1_20240106,shadow_e_right_realdex,63.333858304,66.272597504,2.9387392000000006,973,64.802488832,0.20621702075004578,blue_cup,cup,Shadow|cup|blue_cup@63s,2.1376987,1.4713135,1.5285954,1.4079663,0.9916573,1.3219119,1.7550343,0.45116556,0.8798862,0.5502431
realdex,blue_cup/blue_cup_1_20240106,shadow_e_right_realdex,67.33117824,69.738445824,2.407267583999996,1029,68.547483648,0.23541083931922913,blue_cup,cup,Shadow|cup|blue_cup@67s,1.4459627,1.4673165,1.3805261,1.2987096,0.3748625,0.7596066,1.2087426,0.42359674,0.8874505,0.37959957
realdex,blue_cup/blue_cup_1_20240106,shadow_e_right_realdex,70.86819456,73.668083712,2.7998891519999916,1085,72.276335616,0.2048536241054535,blue_cup,cup,Shadow|cup|blue_cup@71s,2.0442579,1.4301524,1.383544,1.2294554,0.8440704,1.2235687,1.6737972,0.40751526,0.8781744,0.47670045
realdex,blue_cup/blue_cup_1_20240106,shadow_e_right_realdex,74.67013376,77.480635392,2.8105016319999976,1142,76.070308096,0.231097012758255,blue_cup,cup,Shadow|cup|blue_cup@75s,1.3802779,1.5963221,1.3563038,1.2160147,0.4364941,0.8120184,1.2245777,0.5177609,1.0196478,0.4448833
realdex,blue_cup/blue_cup_1_20240106,shadow_e_right_realdex,78.547722496,81.282161664,2.7344391679999944,1199,79.875361024,0.1912810057401657,blue_cup,cup,Shadow|cup|blue_cup@79s,1.9439306,1.3405671,1.3561196,1.3211427,0.87743723,1.293294,1.6633891,0.49582058,0.8968004,0.4201911
realdex,blue_cup/blue_cup_1_20240106,shadow_e_right_realdex,82.347095296,85.349785344,3.002690047999991,1258,83.80553088,0.1843358725309372,blue_cup,cup,Shadow|cup|blue_cup@82s,1.3419666,1.6550283,1.3968809,1.205867,0.49853462,0.7684578,1.1936007,0.535766,1.1074822,0.5912509
realdex,blue_cup/blue_cup_1_20240106,shadow_e_right_realdex,86.286297344,89.14353408,2.85723673599999,1316,87.686514688,0.21770992875099182,blue_cup,cup,Shadow|cup|blue_cup@86s,2.0605643,1.3789198,1.3765209,1.3319845,0.92803645,1.3125587,1.7057128,0.49409375,0.9211768,0.47518677
realdex,blue_cup/blue_cup_1_20240106,shadow_e_right_realdex,90.07294208,92.886307584,2.8133655039999894,1373,91.485478912,0.205112487077713,blue_cup,cup,Shadow|cup|blue_cup@90s,1.2353337,1.396351,1.3101805,1.2772704,0.39983147,0.76675767,1.1557558,0.41668284,0.83767265,0.4124103
realdex,blue_cup/blue_cup_1_20240106,shadow_e_right_realdex,93.8935424,96.945630208,3.052087807999996,1432,95.416339456,0.2222532033920288,blue_cup,cup,Shadow|cup|blue_cup@94s,1.9749769,1.322733,1.3942366,1.2959421,0.991208,1.292778,1.6456329,0.45710784,0.87221676,0.46910548
realdex,blue_cup/blue_cup_1_20240106,shadow_e_right_realdex,97.809500416,101.748535296,3.939034879999994,1497,99.75221632,0.1994132399559021,blue_cup,cup,Shadow|cup|blue_cup@98s,1.3294787,1.5739986,1.3744054,1.1459267,0.4452694,0.77900404,1.132858,0.49671745,1.0805234,0.5935063
realdex,blue_cup/blue_cup_1_20240106,shadow_e_right_realdex,102.69229952,106.953433088,4.261133567999991,1573,104.828219648,0.21939405798912048,blue_cup,cup,Shadow|cup|blue_cup@103s,1.0804666,1.808891,1.3999958,1.198774,0.85349894,0.95031476,1.2532371,0.69474375,1.2922556,0.5554486
realdex,blue_cup/blue_cup_1_20240106,shadow_e_right_realdex,108.04489984,110.891845888,2.8469460480000066,1642,109.41514624,0.22109654545783997,blue_cup,cup,Shadow|cup|blue_cup@108s,1.9791443,1.33131,1.3237939,1.3160794,0.9403565,1.2538159,1.5938544,0.44055688,0.75841725,0.34183684
realdex,blue_cup/blue_cup_1_20240106,shadow_e_right_realdex,111.819763968,114.489709056,2.6699450879999915,1698,113.164414464,0.20758755505084991,blue_cup,cup,Shadow|cup|blue_cup@112s,1.3651547,1.5461478,1.491889,1.3466897,0.41873944,0.7395891,1.0867952,0.41841853,0.8704083,0.52316797
realdex,blue_cup/blue_cup_1_20240106,shadow_e_right_realdex,115.499514624,117.891547904,2.392033280000007,1751,116.686454272,0.22583381831645966,blue_cup,cup,Shadow|cup|blue_cup@115s,2.1186743,1.3930165,1.3847595,1.3693274,1.0543034,1.35746,1.6986815,0.47147346,0.86258173,0.4607724
realdex,blue_cup/blue_cup_1_20240106,shadow_e_right_realdex,118.958856192,119.751084288,0.7922280960000023,1791,119.3592832,0.17955535650253296,blue_cup,cup,Shadow|cup|blue_cup@119s,1.8624557,1.8815477,2.055558,2.0728362,0.4009886,0.7774617,1.2588146,0.42414695,0.8790635,0.49999344
realdex,body_lotion/body_lotion_1,shadow_e_right_realdex,1.883465984,4.41978112,2.536315136,48,3.155696384,0.1688142716884613,body_lotion,lotion_bottle,Shadow|lotion_bottle|body_lotion@2s,1.2194371,1.3187242,1.3371102,1.3416098,0.39359015,0.8057207,1.1734293,0.45304713,0.81403077,0.3786332
realdex,body_lotion/body_lotion_1,shadow_e_right_realdex,5.285523456,6.887975168,1.6024517119999997,92,6.086758912,0.17865023016929626,body_lotion,lotion_bottle,Shadow|lotion_bottle|body_lotion@5s,1.1331366,1.0342573,1.039075,1.3031372,0.4262523,0.88998306,1.1911058,0.528078,0.81740755,0.35294715
realdex,body_lotion/body_lotion_1,shadow_e_right_realdex,7.754586112,9.220463872,1.4658777599999997,128,8.490619136,0.17095471918582916,body_lotion,lotion_bottle,Shadow|lotion_bottle|body_lotion@8s,1.5166744,1.0024709,1.0159533,0.971339,0.7620411,1.0669698,1.3710647,0.40442893,0.7414782,0.35398152
realdex,body_lotion/body_lotion_1,shadow_e_right_realdex,10.161124352,11.95569792,1.7945735680000006,166,11.02157312,0.17023196816444397,body_lotion,lotion_bottle,Shadow|lotion_bottle|body_lotion@10s,1.7786875,1.0149848,1.0162578,0.9210304,0.9995196,1.2885985,1.4827254,0.3986765,0.68853915,0.2853117
realdex,body_lotion/body_lotion_1,shadow_e_right_realdex,12.686032384,14.621283072,1.935250688,205,13.623056896,0.13838762044906616,body_lotion,lotion_bottle,Shadow|lotion_bottle|body_lotion@13s,1.1343336,1.0119305,1.1439266,1.6127126,0.3900286,0.82057196,1.2861507,0.43111354,0.90214884,0.5768727
realdex,body_lotion/body_lotion_1,shadow_e_right_realdex,15.418682624,17.227009792,1.808327168,245,16.28439936,0.18376770615577698,body_lotion,lotion_bottle,Shadow|lotion_bottle|body_lotion@15s,1.2715402,1.0593408,1.0719502,1.1196283,0.47753918,0.8678982,1.3298305,0.3947037,0.86807597,0.47916216
realdex,body_lotion/body_lotion_1,shadow_e_right_realdex,18.026903296,19.756879872,1.7299765759999985,284,18.887848448,0.12835721671581268,body_lotion,lotion_bottle,Shadow|lotion_bottle|body_lotion@18s,1.1809729,1.1512735,1.2445984,1.2156256,0.46677834,0.81894857,1.2104411,0.3850535,0.7715092,0.4558985
realdex,body_lotion/body_lotion_1,shadow_e_right_realdex,20.75301248,22.554929664,1.8019171840000006,325,21.621712896,0.18208430707454681,body_lotion,lotion_bottle,Shadow|lotion_bottle|body_lotion@21s,1.0344455,1.0040671,1.0966403,1.1051791,0.43589085,0.7805176,1.0991627,0.35951924,0.6981106,0.36657307
realdex,body_lotion/body_lotion_1,shadow_e_right_realdex,23.685320704,25.219664896,1.5343441920000025,367,24.419180544,0.15704113245010376,body_lotion,lotion_bottle,Shadow|lotion_bottle|body_lotion@24s,1.0768073,1.0390432,0.9860356,1.2540525,0.3659657,0.83083093,1.1218953,0.48459184,0.76685023,0.35712898
realdex,body_lotion/body_lotion_1,shadow_e_right_realdex,26.222818048,27.77743104,1.5546129919999991,405,26.953739264,0.18941044807434082,body_lotion,lotion_bottle,Shadow|lotion_bottle|body_lotion@26s,1.1608437,0.97526896,1.0010544,1.0331721,0.4128662,0.80222905,1.119718,0.42025405,0.6857258,0.29706734
realdex,body_lotion/body_lotion_1,shadow_e_right_realdex,28.748131328,30.616856064,1.8687247360000008,446,29.679903488,0.14815875887870789,body_lotion,lotion_bottle,Shadow|lotion_bottle|body_lotion@29s,1.1919463,1.0363151,1.3738825,1.7539485,0.4572077,0.8016022,1.2979745,0.42583168,0.9678441,0.5146227
realdex,body_lotion/body_lotion_1,shadow_e_right_realdex,31.486237696,33.295512576,1.8092748800000003,486,32.347803904,0.2234063446521759,body_lotion,lotion_bottle,Shadow|lotion_bottle|body_lotion@31s,1.2587165,1.0930817,1.1558998,1.1324191,0.4507693,0.8222567,1.2009103,0.3811978,0.7570071,0.39648274
realdex,body_lotion/body_lotion_1,shadow_e_right_realdex,34.221991936,35.892708096,1.6707161599999978,526,35.02676352,0.12685605883598328,body_lotion,lotion_bottle,Shadow|lotion_bottle|body_lotion@34s,1.2033079,1.1222906,1.3108842,1.8368733,0.420149,0.81607604,1.4271866,0.43658048,1.0784621,0.6650934
realdex,body_lotion/body_lotion_1,shadow_e_right_realdex,36.889413376,38.624190464,1.7347770880000013,567,37.772849408,0.14680050313472748,body_lotion,lotion_bottle,Shadow|lotion_bottle|body_lotion@37s,1.672321,1.0801233,1.1018293,1.1245196,0.84839857,1.1600771,1.4351766,0.42659888,0.8061924,0.37903434
realdex,body_lotion/body_lotion_1,shadow_e_right_realdex,39.617593856,41.563636224,1.9460423680000005,609,40.554062336,0.1124223843216896,body_lotion,lotion_bottle,Shadow|lotion_bottle|body_lotion@40s,1.0715288,1.0444884,1.2258301,1.4521338,0.40614775,0.8049824,1.2644393,0.42930573,0.8999197,0.4635732
realdex,body_lotion/body_lotion_1,shadow_e_right_realdex,42.437454336,44.09684992,1.659395583999995,649,43.22086912,0.15457260608673096,body_lotion,lotion_bottle,Shadow|lotion_bottle|body_lotion@42s,1.6739106,1.0145655,1.0274844,1.3730803,0.8362494,1.1863167,1.3867506,0.48013753,0.8987727,0.48160803
realdex,body_lotion/body_lotion_1,shadow_e_right_realdex,45.02227712,47.093426432,2.071149312000003,691,46.024063232,0.09065611660480499,body_lotion,lotion_bottle,Shadow|lotion_bottle|body_lotion@45s,1.0512712,1.0296547,1.3459464,1.6492699,0.37090743,0.851657,1.3907216,0.50603545,1.0485172,0.5551126
realdex,body_lotion/body_lotion_1,shadow_e_right_realdex,48.101631488,49.702311936,1.6006804479999985,734,48.897851136,0.17900080978870392,body_lotion,lotion_bottle,Shadow|lotion_bottle|body_lotion@48s,1.6238165,0.9837973,0.99076563,1.3467069,0.84454507,1.2039288,1.4276206,0.44529408,0.9250244,0.50768775
realdex,body_lotion/body_lotion_1,shadow_e_right_realdex,50.77067008,52.698501888,1.9278318080000005,776,51.699429632,0.17453715205192566,body_lotion,lotion_bottle,Shadow|lotion_bottle|body_lotion@51s,1.1391051,1.0230055,1.4173714,1.9756309,0.42294008,0.80889285,1.5435987,0.5523113,1.1966474,0.68220437
realdex,body_lotion/body_lotion_1,shadow_e_right_realdex,53.631065088,55.102352896,1.4712878079999996,816,54.368605952,0.15237334370613098,body_lotion,lotion_bottle,Shadow|lotion_bottle|body_lotion@54s,1.673088,1.0118898,0.9799678,1.4379247,0.89296436,1.1718535,1.5015473,0.4150508,0.9735217,0.576709
realdex,body_lotion/body_lotion_1,shadow_e_right_realdex,55.968064512,57.770624768,1.8025602559999996,853,56.833701632,0.22398753464221954,body_lotion,lotion_bottle,Shadow|lotion_bottle|body_lotion@56s,1.8150617,1.1634705,1.0019634,0.93268037,0.90680045,1.2635651,1.5247645,0.45934516,0.7109517,0.21141845
realdex,body_lotion/body_lotion_1,shadow_e_right_realdex,58.708038656,61.028057856,2.3200191999999973,898,59.830549504,0.15959051251411438,body_lotion,lotion_bottle,Shadow|lotion_bottle|body_lotion@59s,1.1674097,1.2219337,1.0638744,1.7698082,0.44735807,0.95732796,1.403801,0.64307106,0.98380715,0.77752733
realdex,body_lotion/body_lotion_1,shadow_e_right_realdex,61.90320384,63.437755392,1.5345515519999964,940,62.674787584,0.14394786953926086,body_lotion,lotion_bottle,Shadow|lotion_bottle|body_lotion@62s,1.0963657,0.99122095,1.3863175,1.9835174,0.398614,0.8097968,1.524682,0.52621007,1.2662721,0.7461009
realdex,body_lotion/body_lotion_1,shadow_e_right_realdex,64.361535488,66.175643904,1.8141084159999963,979,65.241878016,0.15007783472537994,body_lotion,lotion_bottle,Shadow|lotion_bottle|body_lotion@64s,1.6050982,1.0219713,1.0803732,1.5503805,0.8268679,1.1726847,1.4311506,0.46587783,0.9996936,0.62947035
realdex,body_lotion/body_lotion_1,shadow_e_right_realdex,67.111183872,68.9680512,1.856867328000007,1021,68.04607616,0.12800680100917816,body_lotion,lotion_bottle,Shadow|lotion_bottle|body_lotion@67s,1.0878757,1.0257537,1.4762607,2.0075967,0.42670852,0.81194097,1.4839319,0.544018,1.1991458,0.69094515
realdex,body_lotion/body_lotion_1,shadow_e_right_realdex,69.765068544,71.771781888,2.006713344000005,1062,70.766185728,0.23279301822185516,body_lotion,lotion_bottle,Shadow|lotion_bottle|body_lotion@70s,1.8637502,1.3151692,1.0920438,1.0467808,0.7856282,1.2594278,1.578839,0.47910598,0.7745418,0.2911883
realdex,body_lotion/body_lotion_1,shadow_e_right_realdex,72.636263168,74.581654528,1.9453913600000021,1104,73.569704448,0.16059376299381256,body_lotion,lotion_bottle,Shadow|lotion_bottle|body_lotion@73s,1.6177971,1.015281,1.0535622,1.5808914,0.85328007,1.2275479,1.4126031,0.48315537,0.9733978,0.66154027
realdex,body_lotion/body_lotion_1,shadow_e_right_realdex,75.63498752,77.173605376,1.538617856000002,1146,76.36937216,0.12206663191318512,body_lotion,lotion_bottle,Shadow|lotion_bottle|body_lotion@76s,1.0898501,1.0094345,1.3577232,1.8968775,0.4054429,0.780867,1.4578807,0.4857437,1.1493038,0.6837766
realdex,body_lotion/body_lotion_1,shadow_e_right_realdex,78.10692096,79.769327104,1.662406144000002,1184,78.907023104,0.15364010632038116,body_lotion,lotion_bottle,Shadow|lotion_bottle|body_lotion@78s,1.6748788,1.0643802,1.0801282,1.5990033,0.8220229,1.201674,1.4412763,0.46559438,0.9956255,0.6567996
realdex,body_lotion/body_lotion_1,shadow_e_right_realdex,80.715110912,82.443178496,1.7280675840000015,1224,81.582192896,0.17349720001220703,body_lotion,lotion_bottle,Shadow|lotion_bottle|body_lotion@81s,1.2646537,0.99375856,1.4871454,2.1423404,0.456386,0.8132281,1.5716132,0.5821262,1.3644217,0.8068589
realdex,body_lotion/body_lotion_1,shadow_e_right_realdex,83.380748544,85.045434112,1.664685567999996,1263,84.177113344,0.1846158355474472,body_lotion,lotion_bottle,Shadow|lotion_bottle|body_lotion@83s,1.698554,1.0275228,1.0418291,1.7930789,0.8444754,1.2979329,1.4507034,0.5867753,1.0866089,0.81302774
realdex,body_lotion/body_lotion_1,shadow_e_right_realdex,86.043339776,87.977946368,1.9346065920000086,1305,86.985134848,0.1853870451450348,body_lotion,lotion_bottle,Shadow|lotion_bottle|body_lotion@86s,1.9513326,1.5839992,1.1731099,0.9342526,0.6665276,1.3576517,1.6470339,0.75369287,1.0211041,0.31926575
realdex,body_lotion/body_lotion_1,shadow_e_right_realdex,88.98657664,90.786107904,1.7995312640000094,1348,89.856160768,0.14875850081443787,body_lotion,lotion_bottle,Shadow|lotion_bottle|body_lotion@89s,1.2371787,1.1487584,1.5154344,1.8800025,0.39771828,0.7781881,1.2827752,0.48359063,1.0441487,0.5513405
realdex,body_lotion/body_lotion_1,shadow_e_right_realdex,91.848109312,93.37653504,1.5284257279999878,1389,92.5754752,0.16572417318820953,body_lotion,lotion_bottle,Shadow|lotion_bottle|body_lotion@92s,1.604008,1.0378911,1.0579165,1.4608761,0.8191539,1.190086,1.314728,0.45309275,0.8001463,0.5028405
realdex,body_lotion/body_lotion_1,shadow_e_right_realdex,94.440597504,95.838816768,1.398219264000005,1427,95.107137024,0.14581726491451263,body_lotion,lotion_bottle,Shadow|lotion_bottle|body_lotion@94s,1.1913745,1.1376171,1.4653007,1.9784267,0.42103827,0.8406868,1.4841007,0.51738095,1.1786752,0.6630163
realdex,body_lotion/body_lotion_1,shadow_e_right_realdex,96.780500224,98.38516608,1.604665856000011,1464,97.585184768,0.15460868179798126,body_lotion,lotion_bottle,Shadow|lotion_bottle|body_lotion@97s,1.6218778,1.0427369,1.1011175,1.4341787,0.8281556,1.1300148,1.40376,0.4818954,0.971268,0.5136992
realdex,body_lotion/body_lotion_1,shadow_e_right_realdex,99.255123712,101.121865472,1.8667417599999965,1503,100.179104512,0.20537777245044708,body_lotion,lotion_bottle,Shadow|lotion_bottle|body_lotion@99s,1.8493365,1.2526927,1.135898,1.0415083,0.76395047,1.2136307,1.5599153,0.48768115,0.82331854,0.38176537
realdex,body_lotion/body_lotion_1,shadow_e_right_realdex,101.919015424,103.780327936,1.861312512000012,1543,102.849090816,0.17082777619361877,body_lotion,lotion_bottle,Shadow|lotion_bottle|body_lotion@102s,1.1865964,1.0801597,1.1729084,1.1271755,0.4283437,0.79101855,1.1071025,0.37736437,0.70950055,0.379993
realdex,body_lotion/body_lotion_1,shadow_e_right_realdex,104.6627456,106.120934656,1.458189056000009,1581,105.39009152,0.1516975611448288,body_lotion,lotion_bottle,Shadow|lotion_bottle|body_lotion@105s,1.2381659,1.0395657,1.5207442,2.2262714,0.39866975,0.81884235,1.5502329,0.5227725,1.3383125,0.7833235
realdex,body_lotion/body_lotion_1,shadow_e_right_realdex,107.057044224,108.387140096,1.3300958720000011,1616,107.717968896,0.17777378857135773,body_lotion,lotion_bottle,Shadow|lotion_bottle|body_lotion@107s,1.5613236,1.0458511,1.0597609,1.4227926,0.7887755,1.1111721,1.3629321,0.45109317,0.8924568,0.46278054
realdex,body_lotion/body_lotion_1,shadow_e_right_realdex,109.318488832,110.722339072,1.403850239999997,1650,109.988411392,0.1394602209329605,body_lotion,lotion_bottle,Shadow|lotion_bottle|body_lotion@109s,1.2896746,1.1344256,1.5866296,2.1143448,0.4674061,0.80379474,1.4327028,0.5637039,1.2028651,0.6812301
realdex,body_lotion/body_lotion_1,shadow_e_right_realdex,111.646433536,113.123885056,1.4774515200000025,1686,112.395281408,0.1455957144498825,body_lotion,lotion_bottle,Shadow|lotion_bottle|body_lotion@112s,1.6735297,1.0448667,1.1516675,1.5907719,0.8996984,1.115448,1.393532,0.4324367,1.0064392,0.5944988
realdex,body_lotion/body_lotion_1,shadow_e_right_realdex,114.122806784,115.721171968,1.598365183999988,1724,114.925783552,0.14671257138252258,body_lotion,lotion_bottle,Shadow|lotion_bottle|body_lotion@114s,1.1319704,1.0358871,1.4899136,2.045547,0.3895084,0.7981749,1.5022995,0.5632365,1.2508318,0.716531
realdex,body_lotion/body_lotion_1,shadow_e_right_realdex,117.05896192,119.250014464,2.1910525440000015,1772,118.124370688,0.23605561256408691,body_lotion,lotion_bottle,Shadow|lotion_bottle|body_lotion@117s,0.9651017,0.90938675,0.94660616,0.90106666,0.47215354,0.92598164,1.1548657,0.48947334,0.7288718,0.30845845
realdex,body_lotion/body_lotion_2,shadow_e_right_realdex,2.756869376,4.288847872,1.5319784959999998,53,3.487952896,0.1596508026123047,body_lotion,lotion_bottle,Shadow|lotion_bottle|body_lotion@3s,1.5905523,1.0936768,1.1479541,1.5008006,0.83478963,1.1847372,1.3359711,0.44143635,0.8219701,0.47766387
realdex,body_lotion/body_lotion_2,shadow_e_right_realdex,5.287113472,6.894642432,1.6075289600000007,92,6.090850048,0.1138763278722763,body_lotion,lotion_bottle,Shadow|lotion_bottle|body_lotion@5s,1.1246371,1.0880032,1.5165457,1.9363441,0.40366104,0.78351647,1.3672986,0.51149255,1.0978271,0.5852887
realdex,body_lotion/body_lotion_2,shadow_e_right_realdex,7.894549248,9.490940672,1.596391424000001,131,8.685239808,0.16279160976409912,body_lotion,lotion_bottle,Shadow|lotion_bottle|body_lotion@8s,1.6217642,1.0217354,1.0707911,1.5499442,0.85404295,1.1641005,1.3837754,0.40367272,0.9712256,0.61171407
realdex,body_lotion/body_lotion_2,shadow_e_right_realdex,10.48950272,11.96471424,1.4752115199999984,169,11.21566208,0.11676869541406631,body_lotion,lotion_bottle,Shadow|lotion_bottle|body_lotion@10s,1.1563225,1.0983181,1.5088464,1.9837043,0.4273252,0.8093611,1.4296981,0.49602258,1.1509516,0.6533654
realdex,body_lotion/body_lotion_2,shadow_e_right_realdex,12.899121664,14.28355328,1.3844316159999988,204,13.563015168,0.18582260608673096,body_lotion,lotion_bottle,Shadow|lotion_bottle|body_lotion@13s,1.6988313,1.0736663,1.1139464,1.445305,0.90065324,1.2315843,1.4428518,0.5138314,0.9354588,0.45368975
realdex,body_lotion/body_lotion_2,shadow_e_right_realdex,15.22488704,16.7564032,1.5315161600000007,240,15.960605952,0.21922464668750763,body_lotion,lotion_bottle,Shadow|lotion_bottle|body_lotion@15s,1.6946754,1.0081865,1.0544527,1.0935378,0.8865831,1.25521,1.476351,0.41322806,0.71893513,0.34105754
realdex,body_lotion/body_lotion_2,shadow_e_right_realdex,17.630876672,19.235572992,1.6046963200000022,277,18.428164096,0.15030857920646667,body_lotion,lotion_bottle,Shadow|lotion_bottle|body_lotion@18s,1.1086456,0.9332643,1.0022666,1.2483284,0.39574376,0.8749713,1.1732267,0.4945591,0.7957916,0.3773241
realdex,body_lotion/body_lotion_2,shadow_e_right_realdex,20.1660096,21.566511616,1.4005020160000008,313,20.838492672,0.1746794879436493,body_lotion,lotion_bottle,Shadow|lotion_bottle|body_lotion@20s,1.1190481,1.0500593,1.0803086,0.99035615,0.43198776,0.83412135,1.1692376,0.42258266,0.7728511,0.41691115
realdex,body_lotion/body_lotion_2,shadow_e_right_realdex,22.566968832,24.027246336,1.4602775040000004,350,23.299140096,0.1838143914937973,body_lotion,lotion_bottle,Shadow|lotion_bottle|body_lotion@23s,1.631375,0.98080534,1.0525317,1.044377,0.84808505,1.1237015,1.4604157,0.39826858,0.7351835,0.37644392
realdex,body_lotion/body_lotion_2,shadow_e_right_realdex,24.901097216,26.431198208,1.5301009920000013,385,25.63364224,0.13693086802959442,body_lotion,lotion_bottle,Shadow|lotion_bottle|body_lotion@25s,1.1394159,1.0599277,1.1930021,1.6196246,0.3932557,0.9191865,1.2713246,0.5312604,0.93295705,0.53056246
realdex,body_lotion/body_lotion_2,shadow_e_right_realdex,27.427365376,29.16983296,1.742467584,425,28.30285312,0.15567943453788757,body_lotion,lotion_bottle,Shadow|lotion_bottle|body_lotion@27s,1.0877365,1.0765035,1.1435559,1.1332932,0.39041695,0.7901884,1.1050448,0.41115543,0.7381827,0.34866947
realdex,body_lotion/body_lotion_2,shadow_e_right_realdex,30.100594176,31.76773632,1.6671421439999996,464,30.9030784,0.13425707817077637,body_lotion,lotion_bottle,Shadow|lotion_bottle|body_lotion@30s,1.1157393,1.1006587,1.1639619,1.5698397,0.4072933,0.7792958,1.2460184,0.37994778,0.8578285,0.5089407
realdex,body_lotion/body_lotion_2,shadow_e_right_realdex,32.631264,34.104186368,1.472922367999999,501,33.376959744,0.1314883530139923,body_lotion,lotion_bottle,Shadow|lotion_bottle|body_lotion@33s,1.0898553,1.0346293,1.1207476,1.3417033,0.41579446,0.841445,1.1871457,0.4387348,0.7870077,0.361952
realdex,body_lotion/body_lotion_2,shadow_e_right_realdex,35.038369792,36.635472896,1.5971031040000057,538,35.843739904,0.10602153837680817,body_lotion,lotion_bottle,Shadow|lotion_bottle|body_lotion@35s,1.2036048,1.093391,1.3757716,1.728443,0.43112224,0.8108621,1.2662143,0.4367734,0.92656773,0.49595246
realdex,body_lotion/body_lotion_2,shadow_e_right_realdex,37.42880512,38.967551232,1.5387461119999983,573,38.173090304,0.10220564901828766,body_lotion,lotion_bottle,Shadow|lotion_bottle|body_lotion@37s,1.0660696,1.0213192,1.378111,1.8164966,0.38147575,0.7291467,1.3083801,0.47730243,1.0574064,0.59599316
realdex,body_lotion/body_lotion_2,shadow_e_right_realdex,39.905457408,41.57056384,1.6651064320000017,611,40.70575104,0.14719928801059723,body_lotion,lotion_bottle,Shadow|lotion_bottle|body_lotion@40s,1.6847277,1.0445879,1.1395288,1.556473,0.85605764,1.214397,1.3969662,0.46422398,0.9632095,0.54856706
realdex,body_lotion/body_lotion_2,shadow_e_right_realdex,42.644649984,44.044945664,1.4002956799999993,650,43.302848,0.1989338994026184,body_lotion,lotion_bottle,Shadow|lotion_bottle|body_lotion@43s,1.7625052,1.0318451,1.041998,1.0860791,0.9245391,1.2207618,1.4569291,0.38452047,0.68208015,0.27713543
realdex,body_lotion/body_lotion_2,shadow_e_right_realdex,44.90294656,46.367113216,1.4641666560000033,685,45.642963456,0.15292304754257202,body_lotion,lotion_bottle,Shadow|lotion_bottle|body_lotion@45s,1.1309949,1.0589104,1.159576,1.2045814,0.41529328,0.9146225,1.1903857,0.4945966,0.7951891,0.32873398
realdex,body_lotion/body_lotion_2,shadow_e_right_realdex,47.173558272,48.771756544,1.5981982719999976,720,47.967953152,0.13683488965034485,body_lotion,lotion_bottle,Shadow|lotion_bottle|body_lotion@47s,1.2517766,1.0783408,1.0739855,1.1248763,0.46303454,1.1038413,1.2844193,0.6494463,0.86512184,0.18932205
realdex,body_lotion/body_lotion_2,shadow_e_right_realdex,49.639296512,51.109555456,1.4702589440000011,756,50.373824512,0.19318056106567383,body_lotion,lotion_bottle,Shadow|lotion_bottle|body_lotion@50s,1.8653061,1.0678089,0.9831102,1.0325176,0.9111103,1.424747,1.6599687,0.5136812,0.88856345,0.32035276
realdex,body_lotion/body_lotion_2,shadow_e_right_realdex,52.039123968,53.570671616,1.531547648,792,52.782554112,0.18635208904743195,body_lotion,lotion_bottle,Shadow|lotion_bottle|body_lotion@52s,1.6498654,1.0956862,1.0530014,1.0153489,0.7346874,1.1899668,1.4381689,0.49067342,0.8056921,0.33595067
realdex,body_lotion/body_lotion_2,shadow_e_right_realdex,54.50324608,56.042416896,1.5391708160000022,829,55.23781376,0.14485427737236023,body_lotion,lotion_bottle,Shadow|lotion_bottle|body_lotion@55s,1.208095,1.1281738,1.2622097,1.4686562,0.4117123,0.86028016,1.2510107,0.45972627,0.8632004,0.47416195
realdex,body_lotion/body_lotion_2,shadow_e_right_realdex,56.969332992,58.573747712,1.6044147200000012,867,57.770483712,0.14132118225097656,body_lotion,lotion_bottle,Shadow|lotion_bottle|body_lotion@57s,1.6280886,1.0551482,1.0611036,1.1923684,0.7189189,1.1067295,1.4033278,0.46479577,0.84533846,0.40548238
realdex,body_lotion/body_lotion_2,shadow_e_right_realdex,59.316687104,60.853583616,1.5368965119999984,901,60.046670336,0.11580127477645874,body_lotion,lotion_bottle,Shadow|lotion_bottle|body_lotion@59s,1.2224314,1.1291292,1.454268,1.793175,0.43430698,0.7558638,1.3026729,0.47042137,0.98022264,0.55619955
realdex,body_lotion/body_lotion_2,shadow_e_right_realdex,61.71039232,63.04324096,1.3328486400000017,936,62.38342912,0.16391071677207947,body_lotion,lotion_bottle,Shadow|lotion_bottle|body_lotion@62s,1.6849483,1.0736846,1.0733737,1.3344747,0.863336,1.2089589,1.5162348,0.4875204,0.92659265,0.46826592
realdex,body_lotion/body_lotion_2,shadow_e_right_realdex,64.113756672,65.448648448,1.3348917760000063,972,64.777884416,0.1600777804851532,body_lotion,lotion_bottle,Shadow|lotion_bottle|body_lotion@64s,1.7065588,0.9750301,0.98382354,1.045868,0.9165744,1.2500412,1.5225453,0.41282636,0.73563737,0.32500812
realdex,body_lotion/body_lotion_2,shadow_e_right_realdex,66.3157184,67.776697856,1.460979456000004,1006,67.055994624,0.1141008585691452,body_lotion,lotion_bottle,Shadow|lotion_bottle|body_lotion@66s,1.2157778,1.0704246,1.4698834,1.7894413,0.4409938,0.78327733,1.2924572,0.45125714,0.9721653,0.54425436
realdex,body_lotion/body_lotion_2,shadow_e_right_realdex,68.659225344,70.113303296,1.4540779519999916,1041,69.38711808,0.10854927450418472,body_lotion,lotion_bottle,Shadow|lotion_bottle|body_lotion@69s,1.092911,1.0078473,1.4384186,1.7943165,0.39526817,0.7896401,1.3172463,0.5104528,1.0557896,0.56514055
realdex,body_lotion/body_lotion_2,shadow_e_right_realdex,70.98213248,72.515022336,1.532889855999997,1076,71.709981184,0.15820463001728058,body_lotion,lotion_bottle,Shadow|lotion_bottle|body_lotion@71s,1.6385577,1.069867,1.0861652,1.4707239,0.92171884,1.2155184,1.4748342,0.47524983,0.99255073,0.5081365
realdex,body_lotion/body_lotion_2,shadow_e_right_realdex,73.247095552,74.646842112,1.399746559999997,1109,73.917346816,0.12037237733602524,body_lotion,lotion_bottle,Shadow|lotion_bottle|body_lotion@73s,1.1675282,1.0622816,1.3792992,1.8586936,0.41823232,0.79323673,1.3616488,0.48276746,1.0864425,0.6203892
realdex,body_lotion/body_lotion_2,shadow_e_right_realdex,75.581353472,76.985269504,1.403916031999998,1144,76.25487872,0.12780353426933289,body_lotion,lotion_bottle,Shadow|lotion_bottle|body_lotion@76s,1.5681248,1.0100799,1.0287519,1.4424834,0.75674266,1.1005712,1.3944736,0.47269517,0.97167736,0.53003156
realdex,body_lotion/body_lotion_2,shadow_e_right_realdex,77.915025408,79.580707584,1.66568217599999,1181,78.718170624,0.09574314951896667,body_lotion,lotion_bottle,Shadow|lotion_bottle|body_lotion@78s,1.2069268,1.1340041,1.4030476,1.681401,0.42164832,0.77380955,1.2932793,0.46461362,0.97158897,0.5170311
realdex,body_lotion/body_lotion_2,shadow_e_right_realdex,80.452542976,81.845076992,1.392534015999999,1217,81.111973632,0.14685943722724915,body_lotion,lotion_bottle,Shadow|lotion_bottle|body_lotion@80s,1.5972165,1.0075877,1.0526359,1.5202376,0.85433906,1.2007891,1.4039447,0.47134852,0.9301497,0.5566238
realdex,body_lotion/body_lotion_2,shadow_e_right_realdex,82.65278976,84.256777984,1.6039882239999912,1252,83.450865408,0.17442961037158966,body_lotion,lotion_bottle,Shadow|lotion_bottle|body_lotion@83s,1.8081948,1.2929523,1.1292249,1.1821833,0.75454694,1.1612443,1.6078328,0.48100933,0.99497384,0.5041375
realdex,body_lotion/body_lotion_2,shadow_e_right_realdex,85.188024576,86.713242624,1.5252180479999993,1289,85.916384256,0.14626379311084747,body_lotion,lotion_bottle,Shadow|lotion_bottle|body_lotion@85s,1.1020551,1.0561981,1.2163942,1.5167209,0.4040265,0.8521303,1.278346,0.47516823,0.92318213,0.50459933
realdex,body_lotion/body_lotion_2,shadow_e_right_realdex,87.57958784,89.792936704,2.2133488639999968,1330,88.658339584,0.16348300874233246,body_lotion,lotion_bottle,Shadow|lotion_bottle|body_lotion@88s,1.2614436,1.1955638,1.3216057,1.3027174,0.3959489,0.90140647,1.2627087,0.49782437,0.8903302,0.41842264
realdex,body_lotion/body_lotion_2,shadow_e_right_realdex,90.659127552,92.593513216,1.9343856640000041,1374,91.589615872,0.1647840440273285,body_lotion,lotion_bottle,Shadow|lotion_bottle|body_lotion@91s,1.0785635,1.0245285,1.1729919,1.1831673,0.4218189,0.86101806,1.2418787,0.44764,0.8196024,0.4483062
realdex,body_lotion/body_lotion_2,shadow_e_right_realdex,93.519887104,95.063771648,1.5438845439999938,1414,94.257946368,0.17568339407444,body_lotion,lotion_bottle,Shadow|lotion_bottle|body_lotion@94s,1.8631849,1.1630678,1.1118522,1.3961613,0.96405727,1.304337,1.5610996,0.46130776,0.8876692,0.44887972
realdex,body_lotion/body_lotion_2,shadow_e_right_realdex,96.05585024,97.38444928,1.3285990400000003,1451,96.726427136,0.12032140791416168,body_lotion,lotion_bottle,Shadow|lotion_bottle|body_lotion@96s,1.0861775,1.0824064,1.5051978,1.8825674,0.35616714,0.7956138,1.3323495,0.551576,1.0454968,0.57602
realdex,body_lotion/body_lotion_2,shadow_e_right_realdex,98.4048128,99.73662208,1.3318092800000016,1486,99.066171648,0.15947681665420532,body_lotion,lotion_bottle,Shadow|lotion_bottle|body_lotion@98s,1.6034095,1.0274231,1.0899893,1.4003129,0.77316386,1.0978675,1.4022552,0.46130687,0.95885706,0.53160715
realdex,body_lotion/body_lotion_2,shadow_e_right_realdex,100.729802752,103.39631488,2.666512128000008,1531,102.06064128,0.20220699906349182,body_lotion,lotion_bottle,Shadow|lotion_bottle|body_lotion@101s,1.5022681,0.9260501,0.9945877,1.0028764,0.7199587,1.0247703,1.3339185,0.42719254,0.76227397,0.37861928
realdex,body_lotion/body_lotion_2,shadow_e_right_realdex,104.92788992,106.732813056,1.8049231359999993,1587,105.79110656,0.14058713614940643,body_lotion,lotion_bottle,Shadow|lotion_bottle|body_lotion@105s,1.1519637,1.1060638,1.4396112,1.8627245,0.39161637,0.79855126,1.3677907,0.48434424,1.0832471,0.6051389
realdex,body_lotion/body_lotion_2,shadow_e_right_realdex,107.604058112,109.067879936,1.463821823999993,1625,108.33530752,0.1706436574459076,body_lotion,lotion_bottle,Shadow|lotion_bottle|body_lotion@108s,1.7660298,1.0612992,1.1054083,1.3874239,0.89872277,1.2423354,1.4848437,0.4782811,0.92398083,0.4976991
realdex,body_lotion/body_lotion_2,shadow_e_right_realdex,109.86263168,112.06429312,2.201661439999995,1664,110.933609728,0.152424156665802,body_lotion,lotion_bottle,Shadow|lotion_bottle|body_lotion@110s,1.0695331,1.0233016,1.289015,1.5602996,0.45379093,0.85237193,1.2685611,0.4261154,0.8867793,0.45637172
realdex,body_lotion/body_lotion_2,shadow_e_right_realdex,112.7965824,114.468435968,1.6718535679999889,1704,113.597359872,0.17321065068244934,body_lotion,lotion_bottle,Shadow|lotion_bottle|body_lotion@113s,1.1781796,1.022836,1.1638654,1.4471077,0.42821792,0.8638309,1.2798069,0.46683112,0.9440369,0.47211534
realdex,body_lotion/body_lotion_2,shadow_e_right_realdex,115.331261184,116.865935872,1.5346746879999955,1741,116.075702016,0.10998525470495224,body_lotion,lotion_bottle,Shadow|lotion_bottle|body_lotion@115s,1.1508931,1.1392233,1.4676232,1.9443151,0.4348181,0.8274591,1.4252472,0.48420203,1.1206877,0.65030134
realdex,body_lotion/body_lotion_2,shadow_e_right_realdex,117.663005952,119.07109504,1.408089087999997,1775,118.329524992,0.16801592707633972,body_lotion,lotion_bottle,Shadow|lotion_bottle|body_lotion@118s,1.2089442,0.9552693,1.2452912,1.457237,0.4253149,0.8024447,1.2171355,0.45658636,0.9153109,0.5072851
realdex,body_lotion/body_lotion_3,shadow_e_right_realdex,1.757869824,3.696943104,1.93907328,41,2.691149056,0.18061618506908417,body_lotion,lotion_bottle,Shadow|lotion_bottle|body_lotion@2s,1.4205201,1.4604485,1.5230554,1.5596335,0.45209026,0.8177383,1.2612197,0.39366704,0.8811034,0.48496115
realdex,body_lotion/body_lotion_3,shadow_e_right_realdex,4.686016512,6.352855552,1.6668390400000002,83,5.495845632,0.10957839339971542,body_lotion,lotion_bottle,Shadow|lotion_bottle|body_lotion@5s,1.1780596,1.107897,1.3948054,1.8464358,0.42182708,0.8162824,1.3516445,0.42121792,0.99397707,0.6082163
realdex,body_lotion/body_lotion_3,shadow_e_right_realdex,7.29928704,8.888324096,1.5890370559999996,122,8.090760704,0.16038541495800018,body_lotion,lotion_bottle,Shadow|lotion_bottle|body_lotion@7s,1.6269177,1.014768,1.0293944,1.4553555,0.8348884,1.1647948,1.4190998,0.4777817,0.92065555,0.5311058
realdex,body_lotion/body_lotion_3,shadow_e_right_realdex,9.766834176,11.489707776,1.7228735999999998,160,10.628156928,0.11439821869134903,body_lotion,lotion_bottle,Shadow|lotion_bottle|body_lotion@10s,1.1942502,1.1699837,1.6123137,2.042402,0.44117463,0.83938605,1.4438994,0.56540895,1.1617696,0.61417955
realdex,body_lotion/body_lotion_3,shadow_e_right_realdex,12.428818432,13.889757952,1.4609395200000002,198,13.165552384,0.1479826718568802,body_lotion,lotion_bottle,Shadow|lotion_bottle|body_lotion@12s,1.5461857,1.0085295,1.1173877,1.5640361,0.80150217,1.1073261,1.3478683,0.4598869,0.96398723,0.5504115
realdex,body_lotion/body_lotion_3,shadow_e_right_realdex,14.83267584,17.09315328,2.260477439999999,240,15.962337536,0.20683197677135468,body_lotion,lotion_bottle,Shadow|lotion_bottle|body_lotion@15s,1.5908585,0.9179043,1.014101,1.0648642,0.8528647,1.1371828,1.4411724,0.39991888,0.7211971,0.32223976
realdex,body_lotion/body_lotion_3,shadow_e_right_realdex,17.896563712,19.57156224,1.6749985279999997,281,18.702599168,0.14942558109760284,body_lotion,lotion_bottle,Shadow|lotion_bottle|body_lotion@18s,1.1441393,1.0711906,1.5681484,2.0441937,0.40850848,0.80207103,1.4102669,0.5872607,1.164113,0.612317
realdex,body_lotion/body_lotion_3,shadow_e_right_realdex,20.570585088,22.24273664,1.672151551999999,321,21.366462464,0.154814213514328,body_lotion,lotion_bottle,Shadow|lotion_bottle|body_lotion@21s,1.5724103,1.0084225,1.1385629,1.6470462,0.82919,1.1557882,1.3146504,0.45415437,0.9875971,0.6627426
realdex,body_lotion/body_lotion_3,shadow_e_right_realdex,23.165604608,24.70249344,1.5368888320000025,359,23.901251328,0.17537251114845276,body_lotion,lotion_bottle,Shadow|lotion_bottle|body_lotion@23s,1.7083334,1.0572829,1.0057132,1.0414069,0.90101016,1.2003224,1.4335833,0.37688422,0.6965117,0.28560102
realdex,body_lotion/body_lotion_3,shadow_e_right_realdex,25.50031872,27.165088512,1.6647697920000013,395,26.303529984,0.1442411094903946,body_lotion,lotion_bottle,Shadow|lotion_bottle|body_lotion@26s,1.2056117,1.1030492,1.5088573,1.881377,0.41471046,0.7432039,1.267657,0.49014622,0.9886109,0.5421448
realdex,body_lotion/body_lotion_3,shadow_e_right_realdex,27.965995008,29.636964352,1.6709693439999995,432,28.767979264,0.13755843043327332,body_lotion,lotion_bottle,Shadow|lotion_bottle|body_lotion@28s,1.5562822,1.062234,1.135607,1.6814826,0.7520672,1.0834563,1.3665612,0.455714,1.0239241,0.64253527
realdex,body_lotion/body_lotion_3,shadow_e_right_realdex,30.375002112,32.303733504,1.9287313919999995,470,31.302019328,0.19533371925354004,body_lotion,lotion_bottle,Shadow|lotion_bottle|body_lotion@30s,1.6829542,1.0085852,1.029972,1.0672688,0.8812834,1.136186,1.4348953,0.3897099,0.752414,0.37371552
realdex,body_lotion/body_lotion_3,shadow_e_right_realdex,33.10632192,35.029858048,1.923536128000002,511,34.03806976,0.11035696417093277,body_lotion,lotion_bottle,Shadow|lotion_bottle|body_lotion@33s,1.1240363,1.0788748,1.5213695,1.9856877,0.3903004,0.7934125,1.3991315,0.49187315,1.1118636,0.62872523
realdex,body_lotion/body_lotion_3,shadow_e_right_realdex,35.771418112,37.968929792,2.197511679999998,553,36.832993536,0.16333849728107452,body_lotion,lotion_bottle,Shadow|lotion_bottle|body_lotion@36s,1.5141411,0.9588666,1.0971118,1.626607,0.80604374,1.1031842,1.3580182,0.44370866,0.9819505,0.59917176
realdex,body_lotion/body_lotion_3,shadow_e_right_realdex,38.708413184,40.845299456,2.136886271999998,597,39.776014336,0.13672609627246857,body_lotion,lotion_bottle,Shadow|lotion_bottle|body_lotion@39s,1.1600394,1.0415169,1.564963,2.0450492,0.46033183,0.8145616,1.4464332,0.5558036,1.2172287,0.6616163
realdex,body_lotion/body_lotion_3,shadow_e_right_realdex,41.837734656,43.440240384,1.602505727999997,640,42.63300992,0.14545606076717377,body_lotion,lotion_bottle,Shadow|lotion_bottle|body_lotion@42s,1.6063764,0.9963845,1.0646058,1.5313237,0.86144686,1.2302331,1.4073699,0.48022324,0.95069337,0.5595542
realdex,body_lotion/body_lotion_3,shadow_e_right_realdex,44.374327808,46.71260672,2.338278912,683,45.512503808,0.2072424441576004,body_lotion,lotion_bottle,Shadow|lotion_bottle|body_lotion@44s,1.6623373,0.93028533,1.0135323,1.0630441,0.9530915,1.2713096,1.5138221,0.41857898,0.7050003,0.29498738
realdex,body_lotion/body_lotion_3,shadow_e_right_realdex,47.641421056,49.377430528,1.7360094719999992,728,48.510831872,0.10929379612207413,body_lotion,lotion_bottle,Shadow|lotion_bottle|body_lotion@48s,1.2217693,1.0427488,1.4843259,2.0111074,0.4810883,0.766071,1.3392216,0.45136243,1.1181419,0.66040605
realdex,body_lotion/body_lotion_3,shadow_e_right_realdex,50.17315456,51.837317376,1.664162816000001,765,50.979405312,0.12744270265102386,body_lotion,lotion_bottle,Shadow|lotion_bottle|body_lotion@50s,1.668993,1.0283372,1.1168292,1.6475644,0.8780987,1.2324936,1.4007828,0.4787979,0.97321486,0.60085547
realdex,body_lotion/body_lotion_3,shadow_e_right_realdex,52.713038592,54.249733888,1.5366952960000049,802,53.444780544,0.09553849697113037,body_lotion,lotion_bottle,Shadow|lotion_bottle|body_lotion@53s,1.1454976,1.0952938,1.5753272,1.9640598,0.4078701,0.75992113,1.3382492,0.5295763,1.1004794,0.605566
realdex,body_lotion/body_lotion_3,shadow_e_right_realdex,55.123436544,56.781312,1.6578754559999993,839,55.920005376,0.16717343032360077,body_lotion,lotion_bottle,Shadow|lotion_bottle|body_lotion@55s,1.6924338,1.0423312,1.0402567,1.4023256,0.9041554,1.2781413,1.4803524,0.4344561,0.91151714,0.4929062
realdex,body_lotion/body_lotion_3,shadow_e_right_realdex,57.580777472,59.114117888,1.5333404160000015,875,58.312925696,0.16942501068115234,body_lotion,lotion_bottle,Shadow|lotion_bottle|body_lotion@58s,1.7764676,1.0247146,0.9757999,1.003027,0.957142,1.2665632,1.5867319,0.41661832,0.7619051,0.3488295
realdex,body_lotion/body_lotion_3,shadow_e_right_realdex,59.911386112,61.51856384,1.6071777279999964,911,60.713617408,0.0982557013630867,body_lotion,lotion_bottle,Shadow|lotion_bottle|body_lotion@60s,1.1859108,1.0661623,1.5161698,1.9014612,0.395164,0.7893616,1.3504703,0.5449137,1.1038394,0.5685733
realdex,body_lotion/body_lotion_3,shadow_e_right_realdex,62.376657664,64.58518784,2.2085301760000036,952,63.45037568,0.1263923943042755,body_lotion,lotion_bottle,Shadow|lotion_bottle|body_lotion@62s,1.5208938,0.98091817,0.97870624,1.5279865,0.78858185,1.1758797,1.3901939,0.47859287,0.950791,0.62165284
realdex,body_lotion/body_lotion_3,shadow_e_right_realdex,65.582117632,67.182231552,1.6001139199999983,996,66.388384,0.10790465772151947,body_lotion,lotion_bottle,Shadow|lotion_bottle|body_lotion@66s,1.1559793,1.0381386,1.5284901,1.9086703,0.40760425,0.7818249,1.3785056,0.5672947,1.089159,0.57767636
realdex,body_lotion/body_lotion_3,shadow_e_right_realdex,68.177143808,69.8471168,1.6699729919999982,1035,68.983286272,0.1205129474401474,body_lotion,lotion_bottle,Shadow|lotion_bottle|body_lotion@68s,1.6220976,1.1466022,1.1323982,1.6474825,0.7726815,1.152252,1.417596,0.4705282,0.9962959,0.6311195
realdex,body_lotion/body_lotion_3,shadow_e_right_realdex,70.721550848,72.32445696,1.6029061119999994,1073,71.525957632,0.18093642592430115,body_lotion,lotion_bottle,Shadow|lotion_bottle|body_lotion@71s,1.7167794,1.0001084,1.0047524,1.086601,0.96176964,1.3033777,1.5340405,0.46909565,0.8278498,0.34272665
realdex,body_lotion/body_lotion_3,shadow_e_right_realdex,73.124145664,74.844340224,1.7201945600000101,1110,73.985442816,0.10164067894220352,body_lotion,lotion_bottle,Shadow|lotion_bottle|body_lotion@73s,1.2586781,1.1101724,1.5223876,2.0636895,0.46987292,0.7984548,1.4119953,0.49388346,1.159165,0.66740745
realdex,body_lotion/body_lotion_3,shadow_e_right_realdex,75.58478848,77.047944448,1.4631559679999953,1145,76.317551616,0.14255262911319733,body_lotion,lotion_bottle,Shadow|lotion_bottle|body_lotion@76s,1.6352147,1.0848175,1.1638973,1.4952819,0.8640357,1.2099924,1.4497172,0.44993514,0.9323624,0.49945545
realdex,body_lotion/body_lotion_3,shadow_e_right_realdex,77.921837824,79.455301632,1.5334638080000076,1180,78.659890944,0.14830397069454193,body_lotion,lotion_bottle,Shadow|lotion_bottle|body_lotion@78s,1.5889038,1.0807525,1.1179621,1.5337954,0.7379606,1.0916662,1.4144979,0.44057056,0.9668703,0.54568154
realdex,body_lotion/body_lotion_3,shadow_e_right_realdex,80.261478912,82.05814528,1.796666368000004,1217,81.13138304,0.18412059545516968,body_lotion,lotion_bottle,Shadow|lotion_bottle|body_lotion@80s,1.0899875,1.0155784,1.1180325,1.1177593,0.44149667,0.813607,1.1446445,0.39880365,0.7027297,0.35070485
realdex,body_lotion/body_lotion_3,shadow_e_right_realdex,83.057884672,85.056060928,1.9981762559999936,1261,84.05241088,0.1161300539970398,body_lotion,lotion_bottle,Shadow|lotion_bottle|body_lotion@83s,1.1692803,1.1186595,1.4035622,1.8747545,0.37719226,0.74911654,1.3297708,0.43648282,1.0299557,0.632349
realdex,body_lotion/body_lotion_3,shadow_e_right_realdex,85.79024384,87.791742464,2.001498623999993,1302,86.800250624,0.10424693673849106,body_lotion,lotion_bottle,Shadow|lotion_bottle|body_lotion@86s,1.2350035,1.1607783,1.5398539,1.9574808,0.42834416,0.779752,1.3305674,0.47856635,1.041324,0.5714366
realdex,body_lotion/body_lotion_3,shadow_e_right_realdex,88.59974528,90.257577728,1.6578324480000077,1341,89.392205824,0.13274361193180084,body_lotion,lotion_bottle,Shadow|lotion_bottle|body_lotion@89s,1.6614246,1.0774938,1.2105391,1.7114409,0.8026279,1.1445968,1.3887264,0.45503154,0.9929521,0.5872824
realdex,body_lotion/body_lotion_3,shadow_e_right_realdex,91.060391936,92.728476416,1.6680844800000045,1378,91.861588736,0.12893420457839966,body_lotion,lotion_bottle,Shadow|lotion_bottle|body_lotion@91s,1.1797988,1.1057152,1.5136771,1.9395589,0.40761986,0.7932899,1.3846684,0.5173896,1.1334703,0.6114284
realdex,body_lotion/body_lotion_3,shadow_e_right_realdex,93.596121344,95.3247232,1.7286018559999974,1417,94.456826368,0.18658505380153656,body_lotion,lotion_bottle,Shadow|lotion_bottle|body_lotion@94s,1.6687158,1.0420209,1.1282438,1.1463174,0.76662433,1.0896385,1.3796453,0.41445664,0.79250824,0.40369383
realdex,body_lotion/body_lotion_3,shadow_e_right_realdex,96.265082112,98.198878464,1.9337963520000017,1458,97.20333184,0.12067742645740509,body_lotion,lotion_bottle,Shadow|lotion_bottle|body_lotion@96s,1.1895139,1.0597951,1.2351753,1.684977,0.40915534,0.79019094,1.2947464,0.41524532,0.97881675,0.6151093
realdex,body_lotion/body_lotion_3,shadow_e_right_realdex,99.063365376,100.79532032,1.7319549440000088,1499,99.93244544,0.11496583372354507,body_lotion,lotion_bottle,Shadow|lotion_bottle|body_lotion@99s,1.2278545,1.0908517,1.5633438,1.9615949,0.37677726,0.78798646,1.3672556,0.5701088,1.1371708,0.60440516
realdex,body_lotion/body_lotion_3,shadow_e_right_realdex,101.664814848,103.271906048,1.6070911999999993,1537,102.472605696,0.11431258916854858,body_lotion,lotion_bottle,Shadow|lotion_bottle|body_lotion@102s,1.5873078,1.0667934,1.1972263,1.7065955,0.751306,1.0646694,1.3956838,0.45042333,1.0378536,0.6386825
realdex,body_lotion/body_lotion_3,shadow_e_right_realdex,104.072954368,105.5968064,1.5238520320000077,1572,104.797131776,0.15718361735343933,body_lotion,lotion_bottle,Shadow|lotion_bottle|body_lotion@104s,1.5199108,1.0899808,1.1766356,1.4478927,0.7031431,1.0190946,1.3204964,0.41188157,0.91133237,0.5029925
realdex,body_lotion/body_lotion_3,shadow_e_right_realdex,106.335533312,108.191518464,1.8559851520000024,1609,107.263750144,0.1143447607755661,body_lotion,lotion_bottle,Shadow|lotion_bottle|body_lotion@106s,1.1327153,1.0299168,1.4445512,1.8790929,0.3789277,0.7695886,1.4079659,0.557944,1.1878618,0.6644321
realdex,body_lotion/body_lotion_3,shadow_e_right_realdex,108.868417792,110.478728192,1.610310400000003,1645,109.669142528,0.1254451870918274,body_lotion,lotion_bottle,Shadow|lotion_bottle|body_lotion@109s,1.5271137,1.0611749,1.1856971,1.6644915,0.70768774,1.0425824,1.3961987,0.48593032,1.0233493,0.5945687
realdex,body_lotion/body_lotion_3,shadow_e_right_realdex,111.401632768,112.943826432,1.5421936639999956,1682,112.138446848,0.12489031255245209,body_lotion,lotion_bottle,Shadow|lotion_bottle|body_lotion@111s,1.56832,1.0565268,1.0333831,1.5543394,0.77692866,1.2258741,1.4207834,0.5228356,1.015569,0.6332383
realdex,body_lotion/body_lotion_3,shadow_e_right_realdex,113.805224192,115.674089984,1.8688657920000082,1721,114.736080384,0.11519075930118561,body_lotion,lotion_bottle,Shadow|lotion_bottle|body_lotion@114s,1.5092704,1.040944,1.1032562,1.6153516,0.7073787,1.0725876,1.3733352,0.46042138,1.0037962,0.617825
realdex,body_lotion/body_lotion_3,shadow_e_right_realdex,116.539602176,118.473458944,1.9338567679999983,1762,117.466385664,0.12947675585746765,body_lotion,lotion_bottle,Shadow|lotion_bottle|body_lotion@117s,1.2171017,1.1845342,1.3960602,1.7166929,0.4262879,0.76971114,1.3537651,0.4159708,1.0034767,0.57199776
realdex,body_lotion/body_lotion_4,shadow_e_right_realdex,1.439023616,2.23374848,0.794724864,28,1.85238912,0.006131461821496487,body_lotion,lotion_bottle,Shadow|lotion_bottle|body_lotion@1s,1.80542,1.7234876,1.8829564,2.243979,0.52685565,0.8019035,1.3156803,0.36276966,0.9304639,0.5691175
realdex,body_lotion/body_lotion_4,shadow_e_right_realdex,2.56586752,4.769979392,2.204111872,55,3.638378752,0.17534911632537842,body_lotion,lotion_bottle,Shadow|lotion_bottle|body_lotion@3s,1.2285724,1.1217585,1.4468057,1.8771733,0.40539038,0.7869314,1.3259245,0.43873203,1.0043223,0.59395987
realdex,body_lotion/body_lotion_4,shadow_e_right_realdex,5.576777728,7.241145088,1.66436736,96,6.375135744,0.18701332807540894,body_lotion,lotion_bottle,Shadow|lotion_bottle|body_lotion@6s,1.6449375,1.0601363,1.0266371,1.2832704,0.8078946,1.1413519,1.4705985,0.46060553,0.88170123,0.44847262
realdex,body_lotion/body_lotion_4,shadow_e_right_realdex,8.104651008,9.83811968,1.7334686720000008,135,8.975624448,0.1401052623987198,body_lotion,lotion_bottle,Shadow|lotion_bottle|body_lotion@8s,1.143865,1.0448787,1.3873214,1.786238,0.4252724,0.8142956,1.4025816,0.46317887,1.0404749,0.6029411
realdex,body_lotion/body_lotion_4,shadow_e_right_realdex,10.645962752,12.446671616,1.8007088639999989,173,11.503647232,0.1739041805267334,body_lotion,lotion_bottle,Shadow|lotion_bottle|body_lotion@11s,1.674583,1.0367072,1.0801053,1.0661738,0.7600012,1.0835814,1.3987548,0.4590891,0.74142015,0.30281186
realdex,body_lotion/body_lotion_4,shadow_e_right_realdex,13.311608576,15.112295424,1.8006868479999998,213,14.179405824,0.10862915217876434,body_lotion,lotion_bottle,Shadow|lotion_bottle|body_lotion@13s,1.159093,1.037012,1.4483147,1.8820019,0.448475,0.7998283,1.3419356,0.5225668,1.0741994,0.56682414
realdex,body_lotion/body_lotion_4,shadow_e_right_realdex,15.97521792,17.642868992,1.667651072,252,16.77497472,0.1485765129327774,body_lotion,lotion_bottle,Shadow|lotion_bottle|body_lotion@16s,1.6126623,1.0562236,1.0781822,1.4972575,0.7907724,1.1346643,1.3837574,0.4525744,0.9513589,0.5498629
realdex,body_lotion/body_lotion_4,shadow_e_right_realdex,18.500058624,20.107250432,1.6071918079999996,290,19.313341696,0.15828195214271545,body_lotion,lotion_bottle,Shadow|lotion_bottle|body_lotion@19s,1.1582841,1.0219553,1.03233,1.1631286,0.4458398,0.8676563,1.2439516,0.45461944,0.8097589,0.3542111
realdex,body_lotion/body_lotion_4,shadow_e_right_realdex,21.038735872,23.181488128,2.1427522560000014,332,22.107983616,0.18044373393058777,body_lotion,lotion_bottle,Shadow|lotion_bottle|body_lotion@21s,1.577341,0.9143017,1.0247157,1.0345869,0.8386942,1.0722046,1.27832,0.41696513,0.66728,0.29876584
realdex,body_lotion/body_lotion_4,shadow_e_right_realdex,24.307478016,26.905707008,2.5982289919999992,384,25.574078464,0.17469950020313263,body_lotion,lotion_bottle,Shadow|lotion_bottle|body_lotion@24s,1.1343542,1.0263877,1.1014841,1.0428162,0.4265359,0.86531687,1.2001392,0.4539271,0.7991461,0.3759219
realdex,body_lotion/body_lotion_4,shadow_e_right_realdex,27.982427392,30.454792704,2.4723653119999973,438,29.18243584,0.18509218096733093,body_lotion,lotion_bottle,Shadow|lotion_bottle|body_lotion@28s,0.7811222,0.8257315,0.75054014,0.6571865,0.4118119,0.8490477,1.017806,0.49909258,0.7432525,0.29050666
realdex,body_lotion/body_lotion_4,shadow_e_right_realdex,31.524420352,34.178628864,2.6542085119999967,493,32.854657536,0.2140987366437912,body_lotion,lotion_bottle,Shadow|lotion_bottle|body_lotion@32s,1.0341362,0.9444364,0.82469165,0.673765,0.42461,0.9471471,1.1224895,0.5482485,0.76347846,0.29297718
realdex,body_lotion/body_lotion_4,shadow_e_right_realdex,35.248321792,37.24501248,1.996690688000001,544,36.249220096,0.1785871684551239,body_lotion,lotion_bottle,Shadow|lotion_bottle|body_lotion@35s,1.1428212,1.0537342,1.109444,1.0713156,0.39963365,0.8041364,1.0854602,0.42385074,0.6933796,0.33596045
realdex,body_lotion/body_lotion_4,shadow_e_right_realdex,38.24767232,40.116877824,1.869205504,588,39.184679936,0.13205763697624207,body_lotion,lotion_bottle,Shadow|lotion_bottle|body_lotion@38s,1.1218252,1.0124944,1.4193729,1.9444777,0.38193518,0.8111108,1.5022136,0.52296543,1.273792,0.7223855
realdex,body_lotion/body_lotion_4,shadow_e_right_realdex,40.914743808,43.047383296,2.1326394880000024,630,41.9898688,0.174367755651474,body_lotion,lotion_bottle,Shadow|lotion_bottle|body_lotion@41s,1.1596159,1.093685,1.0809104,0.97693187,0.4145054,0.8098042,1.0937834,0.3746233,0.70796376,0.33882558
realdex,body_lotion/body_lotion_4,shadow_e_right_realdex,43.916649728,45.979654144,2.0630044159999983,674,44.919464704,0.14599058032035828,body_lotion,lotion_bottle,Shadow|lotion_bottle|body_lotion@44s,1.1430472,1.063046,1.1771296,1.0828145,0.43838793,0.7864941,1.1962708,0.36704117,0.76781595,0.44941714
realdex,body_lotion/body_lotion_4,shadow_e_right_realdex,46.786789888,48.58651392,1.7997240320000003,715,47.653385216,0.15596376359462738,body_lotion,lotion_bottle,Shadow|lotion_bottle|body_lotion@47s,1.1758811,1.0849266,1.1384319,1.0799667,0.43939054,0.8077086,1.1266862,0.39107126,0.739237,0.34746787
realdex,body_lotion/body_lotion_4,shadow_e_right_realdex,49.387748096,50.990200064,1.602451967999997,753,50.190596352,0.12339714914560318,body_lotion,lotion_bottle,Shadow|lotion_bottle|body_lotion@49s,1.1603631,1.053978,1.0913105,1.4785463,0.45153323,0.85479206,1.1426831,0.39557272,0.71875674,0.45919955
realdex,body_lotion/body_lotion_4,shadow_e_right_realdex,51.859250688,53.518174208,1.6589235199999948,790,52.657756928,0.11067010462284088,body_lotion,lotion_bottle,Shadow|lotion_bottle|body_lotion@52s,1.1487482,1.0508595,1.2000753,1.641865,0.46500516,0.8736129,1.2965856,0.42184395,0.8915589,0.55848444
realdex,body_lotion/body_lotion_4,shadow_e_right_realdex,54.323878912,55.920230144,1.5963512320000035,827,55.12741504,0.12973956763744354,body_lotion,lotion_bottle,Shadow|lotion_bottle|body_lotion@54s,1.6002897,1.0696976,1.070182,1.482036,0.6789227,1.1639435,1.3916698,0.49256855,0.9041005,0.5117213
realdex,body_lotion/body_lotion_4,shadow_e_right_realdex,56.856258048,58.791797248,1.935539200000001,867,57.785012736,0.1310449242591858,body_lotion,lotion_bottle,Shadow|lotion_bottle|body_lotion@57s,1.0619724,1.0228302,1.238776,1.631064,0.38329464,0.7543613,1.2780337,0.39144498,0.92317915,0.54537106
realdex,body_lotion/body_lotion_4,shadow_e_right_realdex,59.662547968,61.72317184,2.0606238720000007,910,60.663669504,0.11956435441970825,body_lotion,lotion_bottle,Shadow|lotion_bottle|body_lotion@60s,1.0511487,1.036514,1.4023113,1.7850527,0.42615366,0.8151805,1.3533766,0.44140756,1.0114269,0.5717442
realdex,body_lotion/body_lotion_4,shadow_e_right_realdex,62.524367872,64.52297344,1.998605568000002,953,63.521380608,0.15726451575756073,body_lotion,lotion_bottle,Shadow|lotion_bottle|body_lotion@63s,1.1466119,1.0227418,1.1203507,1.5819001,0.43306214,0.8409393,1.3263172,0.43132818,0.9743334,0.5880986
realdex,body_lotion/body_lotion_4,shadow_e_right_realdex,65.398661888,66.99959552,1.6009336319999932,993,66.189253888,0.1617654263973236,body_lotion,lotion_bottle,Shadow|lotion_bottle|body_lotion@65s,1.1069281,1.0203398,1.176523,1.2023377,0.40937373,0.8224684,1.1664379,0.41709447,0.7655788,0.37616196
realdex,body_lotion/body_lotion_4,shadow_e_right_realdex,67.922833408,69.538151936,1.615318528000003,1031,68.73058688,0.12625578045845032,body_lotion,lotion_bottle,Shadow|lotion_bottle|body_lotion@68s,1.0945656,1.2293453,1.190828,1.5164843,0.38404197,0.82914877,1.2865093,0.47950852,0.9665655,0.53769827
realdex,body_lotion/body_lotion_4,shadow_e_right_realdex,70.329192448,71.9963456,1.6671531519999974,1067,71.132539136,0.15362884104251862,body_lotion,lotion_bottle,Shadow|lotion_bottle|body_lotion@70s,1.1344359,1.0963519,1.1473279,1.3288614,0.42582023,0.8568803,1.281314,0.46555617,0.8679261,0.44145685
realdex,body_lotion/body_lotion_4,shadow_e_right_realdex,72.733165312,74.465378304,1.732212992000001,1104,73.5946496,0.15982504189014435,body_lotion,lotion_bottle,Shadow|lotion_bottle|body_lotion@73s,1.171656,1.0482941,1.1056433,1.1434128,0.39665923,0.83325607,1.2145398,0.41730303,0.8169838,0.39827454
realdex,body_lotion/body_lotion_4,shadow_e_right_realdex,75.26880256,77.265528832,1.9967262720000036,1144,76.272612608,0.12328062206506729,body_lotion,lotion_bottle,Shadow|lotion_bottle|body_lotion@75s,1.1575886,1.1382574,1.3304561,1.7145324,0.45526466,0.86684096,1.4166955,0.44364855,1.0192633,0.6094467
realdex,body_lotion/body_lotion_4,shadow_e_right_realdex,78.066059008,80.005338368,1.9392793600000005,1185,78.997155584,0.1280088871717453,body_lotion,lotion_bottle,Shadow|lotion_bottle|body_lotion@78s,1.1253812,1.0364347,1.3304865,1.7667696,0.45297477,0.8497243,1.4390496,0.46004528,1.05937,0.6359973
realdex,body_lotion/body_lotion_4,shadow_e_right_realdex,80.8069632,82.732533248,1.9255700479999973,1226,81.727239936,0.13236181437969208,body_lotion,lotion_bottle,Shadow|lotion_bottle|body_lotion@81s,1.5267434,1.0051808,1.0989301,1.5394008,0.69039404,1.0664512,1.4373507,0.45602506,1.0196447,0.571176
realdex,body_lotion/body_lotion_4,shadow_e_right_realdex,83.6744256,85.8624704,2.1880448,1271,84.732222208,0.19362005591392517,body_lotion,lotion_bottle,Shadow|lotion_bottle|body_lotion@84s,1.2258716,0.9108614,0.957104,0.96670246,0.4647088,0.8030416,1.0555631,0.39146903,0.61295635,0.25926885
realdex,body_lotion/body_lotion_4,shadow_e_right_realdex,86.738721024,88.671538944,1.932817920000005,1315,87.664386048,0.12172993272542953,body_lotion,lotion_bottle,Shadow|lotion_bottle|body_lotion@87s,1.1332538,0.9764785,1.3460587,1.7898582,0.40535596,0.81884205,1.4543266,0.49664766,1.1460686,0.6654156
realdex,body_lotion/body_lotion_4,shadow_e_right_realdex,89.541215488,91.405277184,1.8640616959999932,1357,90.477126144,0.13846515119075775,body_lotion,lotion_bottle,Shadow|lotion_bottle|body_lotion@90s,1.3916793,1.0680925,1.1356149,1.4399706,0.5551028,1.0066519,1.2884007,0.49720564,0.8983524,0.45459598
realdex,body_lotion/body_lotion_4,shadow_e_right_realdex,92.34524544,94.335810048,1.9905646079999997,1400,93.343466752,0.18852052092552185,body_lotion,lotion_bottle,Shadow|lotion_bottle|body_lotion@92s,1.3515574,1.0977781,1.1422992,1.1960013,0.47628763,0.8754679,1.3132734,0.41170242,0.7784984,0.37476933
realdex,body_lotion/body_lotion_4,shadow_e_right_realdex,95.269849088,96.941986048,1.6721369600000031,1441,96.075475456,0.13464808464050293,body_lotion,lotion_bottle,Shadow|lotion_bottle|body_lotion@95s,1.0982449,1.0006284,1.2642257,1.7461572,0.41758537,0.82221913,1.4484034,0.45052117,1.0970044,0.6959698
realdex,body_lotion/body_lotion_4,shadow_e_right_realdex,97.804514048,99.615124224,1.8106101759999973,1480,98.676415232,0.16276675462722778,body_lotion,lotion_bottle,Shadow|lotion_bottle|body_lotion@98s,1.045358,1.0106866,1.0366023,1.3819189,0.39912835,0.8961066,1.2913451,0.53498936,0.9277758,0.46730682
realdex,body_lotion/body_lotion_4,shadow_e_right_realdex,100.481351168,102.139403264,1.6580520959999916,1519,101.27569152,0.18172194063663483,body_lotion,lotion_bottle,Shadow|lotion_bottle|body_lotion@100s,1.130499,1.0460849,1.0373151,1.2630687,0.40089524,0.83284426,1.2739357,0.4774481,0.9176091,0.44783366
realdex,body_lotion/body_lotion_4,shadow_e_right_realdex,103.009749504,104.610703104,1.6009535999999969,1557,103.80354432,0.16338567435741425,body_lotion,lotion_bottle,Shadow|lotion_bottle|body_lotion@103s,1.0862981,1.0004151,1.067382,1.1191857,0.43228692,0.80669993,1.208875,0.3821168,0.8064548,0.43203357
realdex,body_lotion/body_lotion_4,shadow_e_right_realdex,105.539442944,107.474161664,1.9347187199999922,1597,106.479841024,0.14980913698673248,body_lotion,lotion_bottle,Shadow|lotion_bottle|body_lotion@106s,1.145586,1.0770788,1.3436192,1.8936024,0.41472343,0.8487958,1.4681838,0.47630906,1.1632419,0.6993834
realdex,body_lotion/body_lotion_4,shadow_e_right_realdex,108.35576704,110.21080704,1.8550400000000025,1639,109.276256256,0.12744967639446259,body_lotion,lotion_bottle,Shadow|lotion_bottle|body_lotion@108s,1.1465878,1.0363094,1.2107337,1.5926795,0.39501426,0.78616214,1.3381313,0.42199746,0.9910694,0.59078926
realdex,body_lotion/body_lotion_4,shadow_e_right_realdex,111.07908352,113.013626624,1.9345431039999994,1680,112.01537152,0.15447048842906952,body_lotion,lotion_bottle,Shadow|lotion_bottle|body_lotion@111s,1.0487664,1.028194,1.1848719,1.6626884,0.40476128,0.85239077,1.4246904,0.4620185,1.0502648,0.5580367
realdex,body_lotion/body_lotion_4,shadow_e_right_realdex,113.884432128,115.881005824,1.9965736959999987,1723,114.881692928,0.13792268931865692,body_lotion,lotion_bottle,Shadow|lotion_bottle|body_lotion@114s,1.1390604,1.0415866,1.0515718,1.3759439,0.41679394,0.86760044,1.244037,0.4728814,0.86757135,0.4778871
realdex,body_lotion/body_lotion_4,shadow_e_right_realdex,116.804521216,118.545060352,1.7405391359999953,1765,117.681156096,0.1386318802833557,body_lotion,lotion_bottle,Shadow|lotion_bottle|body_lotion@117s,1.4730418,1.0284857,1.0568907,1.4457245,0.5678165,0.9835824,1.3379048,0.43265083,0.9450702,0.5706544
realdex,box/box_1_20240106,shadow_e_right_realdex,2.014567168,6.121662208,4.10709504,61,4.05250048,0.29511111974716187,box,box,Shadow|box|box@2s,2.1303644,1.2529979,1.1707537,1.1115674,1.1198126,1.397694,1.6189635,0.37395376,0.59910494,0.22605503
realdex,box/box_1_20240106,shadow_e_right_realdex,7.253540352,10.84752768,3.5939873280000008,136,9.048785664,0.2474622279405594,box,box,Shadow|box|box@7s,1.4218009,1.3784014,1.4886572,1.2748057,0.4114279,0.77133,1.0354838,0.37213126,0.6873339,0.42072418
realdex,box/box_1_20240106,shadow_e_right_realdex,12.311739648,16.32562944,4.0138897920000005,215,14.315362816,0.24877281486988068,box,box,Shadow|box|box@12s,1.1680549,1.2458948,1.2883174,1.2181653,0.46581197,0.81835395,1.0426376,0.37269896,0.6770343,0.35071647
realdex,box/box_1_20240106,shadow_e_right_realdex,17.856921344,21.053678336,3.196756992000001,292,19.456393472,0.2437775582075119,box,box,Shadow|box|box@18s,1.534325,1.4193228,1.426707,1.4417423,0.454332,0.8042372,1.0164844,0.3497505,0.59957296,0.24498348
realdex,box/box_1_20240106,shadow_e_right_realdex,22.325769472,26.060719104,3.7349496319999993,363,24.187892992,0.24638411402702332,box,box,Shadow|box|box@22s,1.2495943,1.2276481,1.2666566,1.1515076,0.41521096,0.77854383,0.90727484,0.3673301,0.5178251,0.26943102
realdex,box/box_1_20240106,shadow_e_right_realdex,27.458775808,31.454948864,3.996173056,442,29.459910144,0.21869155764579773,box,box,Shadow|box|box@27s,1.4167889,1.2887627,1.3040473,1.2312406,0.44204292,0.77727073,0.96689427,0.3620542,0.5725435,0.21211208
realdex,box/box_1_20240106,shadow_e_right_realdex,32.667595264,37.325488384,4.657893120000004,525,34.9978816,0.2621282637119293,box,box,Shadow|box|box@33s,1.0651993,1.2261873,1.2232125,1.1426343,0.46884102,0.7744058,0.87674314,0.35414782,0.5184559,0.20160295
realdex,box/box_1_20240106,shadow_e_right_realdex,38.929097472,40.733367808,1.8042703359999948,597,39.797246208,0.17403827607631683,box,box,Shadow|box|box@39s,1.8119826,1.8193977,2.1479905,2.335443,0.44906408,0.6481048,0.90052533,0.32233766,0.58218527,0.2547887
realdex,box/box_1_20240106,shadow_e_right_realdex,42.328012544,45.602861312,3.2748487679999982,659,43.945054976,0.22348973155021667,box,box,Shadow|box|box@42s,1.294837,1.2558409,1.2703872,0.99880874,0.4351286,0.8343881,1.0601428,0.39668697,0.7258686,0.46004912
realdex,box/box_1_20240106,shadow_e_right_realdex,47.328115712,52.4682368,5.140121088000001,748,49.868055808,0.30054324865341187,box,box,Shadow|box|box@47s,1.3821887,1.5308297,1.3073792,1.0881324,0.48795858,1.0106475,1.2454515,0.5325923,0.9681453,0.35347915
realdex,box/box_1_20240106,shadow_e_right_realdex,54.464425472,58.406907392,3.9424819199999988,846,56.40034944,0.14512290060520172,box,box,Shadow|box|box@54s,1.5664318,1.3889897,1.5961082,2.0370045,0.50399286,0.87324107,1.383503,0.41041836,1.0118332,0.63985586
realdex,box/box_1_20240106,shadow_e_right_realdex,60.070337024,63.941559552,3.871222528000004,930,62.006963712,0.2314033955335617,box,box,Shadow|box|box@60s,1.614561,1.4547591,1.5064071,1.5563419,0.5046008,0.8327208,1.1510676,0.34345657,0.72212714,0.40503028
realdex,box/box_1_20240106,shadow_e_right_realdex,65.009191168,68.672490752,3.6632995840000007,1002,66.80278784,0.2216431349515915,box,box,Shadow|box|box@65s,1.5078487,1.4139057,1.5665725,1.7766514,0.44636568,0.7576314,1.1614051,0.3657552,0.81470263,0.46819365
realdex,box/box_1_20240106,shadow_e_right_realdex,69.834026752,73.211250944,3.377224192,1072,71.478898688,0.20452621579170227,box,box,Shadow|box|box@70s,1.5283487,1.446849,1.576165,1.6521219,0.42046958,0.7066629,1.1593657,0.32441896,0.7500788,0.46206194
realdex,box/box_1_20240106,shadow_e_right_realdex,74.472530688,78.008506624,3.535975936,1143,76.215953152,0.1461499184370041,box,box,Shadow|box|box@74s,1.4774687,1.3840826,1.600555,2.0431986,0.45960832,0.7471572,1.2497702,0.3476677,0.9798315,0.61205274
realdex,box/box_1_20240106,shadow_e_right_realdex,79.077180416,82.809899008,3.7327185919999977,1214,80.950695168,0.2001361846923828,box,box,Shadow|box|box@79s,1.4103801,1.250797,1.4966407,1.7062924,0.43387178,0.73970425,1.0772862,0.36876518,0.77487475,0.39306238
realdex,box/box_1_20240106,shadow_e_right_realdex,84.342525696,87.10470272,2.7621770240000103,1285,85.686973184,0.1819342076778412,box,box,Shadow|box|box@84s,1.4404764,1.2958552,1.57478,1.8260112,0.4741838,0.7800876,1.1124012,0.34930885,0.74838865,0.47411755
realdex,box/box_1_20240106,shadow_e_right_realdex,88.692705792,92.413911296,3.7212055039999967,1358,90.548723712,0.15375259518623352,box,box,Shadow|box|box@89s,1.3877814,1.3528868,1.5188184,1.8631444,0.40884152,0.74844706,1.2390727,0.37037233,0.89494383,0.5619906
realdex,box/box_1_20240106,shadow_e_right_realdex,93.883967744,96.62783104,2.7438632960000007,1428,95.22030592,0.15299001336097717,box,box,Shadow|box|box@94s,1.3782344,1.342546,1.6179342,2.0300956,0.47863603,0.7277402,1.2235028,0.36971894,0.86279154,0.55723035
realdex,box/box_1_20240106,shadow_e_right_realdex,97.708706816,103.359565568,5.650858751999991,1507,100.516478976,0.22130191326141357,box,box,Shadow|box|box@98s,1.353869,1.3032985,1.322728,1.3587923,0.4369639,0.8034302,1.0763733,0.3983193,0.7046921,0.26376086
realdex,box/box_1_20240106,shadow_e_right_realdex,105.025902336,108.686418176,3.660515840000002,1602,106.818233088,0.1395118683576584,box,box,Shadow|box|box@105s,1.4206216,1.4272367,1.6097492,2.0395079,0.43463555,0.7329011,1.2872741,0.39611566,0.942612,0.5680914
realdex,box/box_1_20240106,shadow_e_right_realdex,110.101967104,114.093050624,3.9910835200000037,1681,112.105882368,0.22632770240306854,box,box,Shadow|box|box@110s,1.5611424,1.3169051,1.4840031,1.5402979,0.48509043,0.8303171,1.1173105,0.36468783,0.6845737,0.33387503
realdex,box/box_1_20240106,shadow_e_right_realdex,115.223563264,118.16278656,2.9392232959999944,1750,116.691688192,0.1692887395620346,box,box,Shadow|box|box@115s,1.4652618,1.3458868,1.536871,1.8660864,0.42809212,0.74035954,1.1975923,0.37795508,0.8846339,0.5355389
realdex,box/box_2_20240110,shadow_e_right_realdex,1.840286208,4.704269312,2.863983104,49,3.235015424,0.28147226572036743,box,box,Shadow|box|box@2s,2.087781,1.7829608,1.611227,1.7103354,0.6593144,1.1462607,1.4219646,0.4645126,0.8977343,0.37922582
realdex,box/box_2_20240110,shadow_e_right_realdex,5.567356672,7.235200256,1.6678435839999999,96,6.367337216,0.20478685200214386,box,box,Shadow|box|box@6s,1.4497192,1.4759033,1.4286708,1.5875757,0.46676505,0.783661,1.2908425,0.38208932,0.9093591,0.4764734
realdex,box/box_2_20240110,shadow_e_right_realdex,8.175566336,9.778443008,1.6028766720000007,135,8.969596416,0.1876513659954071,box,box,Shadow|box|box@8s,1.4073215,1.4220058,1.4937702,1.8569263,0.43986756,0.8075741,1.3483512,0.38884988,0.9216835,0.49451628
realdex,box/box_2_20240110,shadow_e_right_realdex,10.511414016,12.378694912,1.8672808960000005,172,11.450356736,0.2006765902042389,box,box,Shadow|box|box@11s,1.3894596,1.3259053,1.3031535,1.139101,0.41714817,0.83260125,1.1670787,0.42886162,0.8253218,0.47012755
realdex,box/box_2_20240110,shadow_e_right_realdex,13.050904064,14.838083328,1.7871792640000006,209,13.90228096,0.2356710135936737,box,box,Shadow|box|box@13s,1.5403838,1.4952015,1.5495715,1.8313947,0.475511,0.83808637,1.2229648,0.39017844,0.7860384,0.41707748
realdex,box/box_2_20240110,shadow_e_right_realdex,15.508362752,17.31185024,1.8034874879999983,246,16.376570368,0.18847240507602692,box,box,Shadow|box|box@16s,1.5847762,1.4075054,1.3682097,1.5756482,0.46052918,0.85056365,1.3137031,0.38792485,0.887403,0.48962155
realdex,box/box_2_20240110,shadow_e_right_realdex,17.97611264,19.448418816,1.472306176,281,18.720296704,0.1841556429862976,box,box,Shadow|box|box@18s,1.4959043,1.3158013,1.4665439,1.9122088,0.49423063,0.83054453,1.3932413,0.40369186,0.9636412,0.55343497
realdex,box/box_2_20240110,shadow_e_right_realdex,20.180947456,21.845201152,1.664253696000003,315,20.982796544,0.21760788559913635,box,box,Shadow|box|box@20s,1.3347144,1.279626,1.2835674,1.3164487,0.4551369,0.86352706,1.1690776,0.43342724,0.776013,0.34836134
realdex,box/box_2_20240110,shadow_e_right_realdex,22.437603328,24.176131584,1.7385282559999986,350,23.306099456,0.20346346497535706,box,box,Shadow|box|box@22s,1.6072232,1.4883732,1.3939532,1.4677992,0.4082239,0.81528497,1.1554867,0.44744372,0.8485454,0.42324224
realdex,box/box_2_20240110,shadow_e_right_realdex,24.78046592,26.450534912,1.6700689919999974,384,25.572581632,0.17360112071037292,box,box,Shadow|box|box@25s,1.449476,1.4200428,1.7118824,2.2059503,0.3978514,0.7873182,1.4772617,0.45854545,1.1581466,0.7018547
realdex,box/box_2_20240110,shadow_e_right_realdex,27.05637504,28.791605248,1.7352302080000008,419,27.921257984,0.19495068490505219,box,box,Shadow|box|box@27s,1.6563299,1.3372773,1.3729837,1.6808535,0.6329122,1.0399694,1.3557947,0.4832507,0.89220333,0.47207206
realdex,box/box_2_20240110,shadow_e_right_realdex,29.585363712,31.596505856,2.011142144000001,459,30.584268032,0.2058042734861374,box,box,Shadow|box|box@30s,1.6987982,1.3667251,1.2756184,1.606503,0.47148383,0.8274305,1.381113,0.40452036,0.9565547,0.6086309
realdex,box/box_2_20240110,shadow_e_right_realdex,32.912515072,34.317325568,1.4048104960000032,504,33.58172032,0.22760145366191864,box,box,Shadow|box|box@33s,1.7161748,1.1929648,1.2502716,1.5542588,0.8049605,1.2166374,1.4246995,0.47033918,0.8850376,0.3851784
realdex,box/box_2_20240110,shadow_e_right_realdex,35.523783936,37.51715584,1.993371904,548,36.521799424,0.20999905467033386,box,box,Shadow|box|box@36s,1.3268714,1.2441605,1.5167216,2.0767214,0.37225425,0.71624625,1.3509452,0.44932777,1.0963727,0.6792717
realdex,box/box_2_20240110,shadow_e_right_realdex,38.316229888,40.05416064,1.737930751999997,588,39.186372608,0.2352856695652008,box,box,Shadow|box|box@38s,2.147446,1.5526971,1.284709,1.4180728,0.8914722,1.3651998,1.6837474,0.4738543,0.8830924,0.3556303
realdex,box/box_2_20240110,shadow_e_right_realdex,40.846564096,42.515090432,1.6685263359999993,625,41.64603648,0.16062067449092865,box,box,Shadow|box|box@41s,1.41522,1.348058,1.3954264,1.7947621,0.36004752,0.77527446,1.3840358,0.46021616,1.0654438,0.6550568
realdex,box/box_2_20240110,shadow_e_right_realdex,43.11696896,44.726776064,1.609807103999998,659,43.919812352,0.19276829063892365,box,box,Shadow|box|box@43s,1.7905052,1.299612,1.2632874,1.6273625,0.60064733,1.0166647,1.3366348,0.46801963,0.94247067,0.48216644
realdex,box/box_2_20240110,shadow_e_right_realdex,45.460984064,46.453130496,0.9921464319999984,689,45.91708288,0.3649460971355438,box,box,Shadow|box|box@45s,1.2614592,1.0701381,0.7592351,0.6758405,0.4934787,0.956904,1.4157586,0.5205581,0.939837,0.4394371
realdex,box/box_2_20240110,shadow_e_right_realdex,47.85530752,49.720162304,1.864854784000002,732,48.784020224,0.15310721099376678,box,box,Shadow|box|box@48s,1.4161218,1.3735665,1.4922651,1.960656,0.4135298,0.8512193,1.4384928,0.44341394,1.1065692,0.699743
realdex,box/box_2_20240110,shadow_e_right_realdex,50.455512064,52.060538112,1.6050260480000063,769,51.263501312,0.1803482621908188,box,box,Shadow|box|box@50s,1.8107628,1.3441739,1.4539143,1.901626,0.6612736,1.0143077,1.498376,0.5156161,1.0370358,0.52649957
realdex,box/box_2_20240110,shadow_e_right_realdex,54.583744768,56.53178112,1.9480363519999955,833,55.529721856,0.06878481060266495,box,box,Shadow|box|box@55s,0.8267647,0.7012124,0.7392531,0.6902398,1.5265033,1.4703286,1.2909588,0.42836654,0.7738019,0.46879232
realdex,box/box_2_20240110,shadow_e_right_realdex,56.856249856,60.264073216,3.407823360000002,878,58.528341248,0.04273725673556328,box,box,Shadow|box|box@57s,0.83868307,0.67924356,0.7176014,0.6535599,1.5102439,1.4879673,1.2913071,0.42085165,0.7348817,0.4520191
realdex,box/box_2_20240110,shadow_e_right_realdex,60.733037056,63.189156608,2.456119551999997,929,61.926132736,0.027438849210739136,box,box,Shadow|box|box@61s,1.1628354,0.6693796,0.71579266,0.63605034,1.7863955,1.7433488,1.5997887,0.4371764,0.7208221,0.44137153
realdex,box/box_2_20240110,shadow_e_right_realdex,64.261318912,66.459254016,2.1979351040000097,980,65.330264576,0.23280778527259827,box,box,Shadow|box|box@64s,1.4645913,1.2302375,1.1539888,1.3589265,0.4869631,1.0510242,1.2918658,0.54000366,0.7688464,0.35723817
realdex,box/box_2_20240110,shadow_e_right_realdex,67.19335936,69.264897536,2.0715381760000042,1023,68.193771776,0.1887384057044983,box,box,Shadow|box|box@67s,1.7970507,1.3521566,1.3663974,1.6620953,0.7075504,1.0567014,1.3902245,0.43528533,0.85893774,0.4903006
realdex,box/box_2_20240110,shadow_e_right_realdex,69.86576128,71.86303232,1.997271040000001,1063,70.861700352,0.2567627429962158,box,box,Shadow|box|box@70s,1.7113112,1.443246,1.3384001,1.5107113,0.480303,0.9840077,1.4289415,0.47150147,0.9257718,0.4601998
realdex,box/box_2_20240110,shadow_e_right_realdex,72.664788736,74.930230784,2.265442047999997,1107,73.793341952,0.24609990417957306,box,box,Shadow|box|box@73s,1.3812683,1.4053149,1.265435,1.4852009,0.5322614,1.0006166,1.4207046,0.4943465,0.8424132,0.29838455
realdex,box/box_2_20240110,shadow_e_right_realdex,75.666888192,77.865048064,2.198159872000005,1151,76.72643712,0.21874260902404785,box,box,Shadow|box|box@76s,1.4847465,1.3417662,1.3316019,1.304991,0.5113233,0.97221345,1.3096422,0.48453766,0.84279406,0.396985
realdex,box/box_2_20240110,shadow_e_right_realdex,78.4639808,80.401696256,1.9377154559999923,1191,79.400937216,0.212612122297287,box,box,Shadow|box|box@78s,1.7875803,1.313984,1.2565464,1.6314087,0.67451864,1.0790367,1.2762954,0.43998563,0.8107662,0.40582496
realdex,box/box_2_20240110,shadow_e_right_realdex,81.201103104,83.337519872,2.1364167680000037,1234,82.26237568,0.26277971267700195,box,box,Shadow|box|box@81s,1.7133067,1.4110835,1.35368,1.4612246,0.47631812,0.9401095,1.3620095,0.43043706,0.8505064,0.42121452
realdex,box/box_2_20240110,shadow_e_right_realdex,84.065381376,86.069002752,2.003621375999998,1276,85.066047744,0.2353404313325882,box,box,Shadow|box|box@84s,1.432695,1.3969526,1.2647221,1.2448319,0.5915156,1.0631315,1.44404,0.50622725,0.9023648,0.38614863
realdex,box/box_2_20240110,shadow_e_right_realdex,86.800261376,88.736959232,1.9366978560000092,1316,87.734863872,0.22350427508354187,box,box,Shadow|box|box@87s,1.5098448,1.2516192,1.310396,1.3846765,0.54492354,0.97112083,1.3131181,0.437226,0.8154,0.40323198
realdex,box/box_2_20240110,shadow_e_right_realdex,89.34249344,91.202660864,1.8601674239999966,1354,90.263100416,0.2239454984664917,box,box,Shadow|box|box@89s,1.5171751,1.3977143,1.7121788,2.110142,0.51486254,0.9063797,1.4022629,0.43353814,0.9908143,0.6225583
realdex,box/box_2_20240110,shadow_e_right_realdex,91.733504512,93.60500224,1.8714977280000085,1390,92.665724928,0.2252761870622635,box,box,Shadow|box|box@92s,1.6097114,1.4294727,1.3840083,1.5863955,0.5145264,0.8964768,1.3720112,0.3985526,0.8891786,0.5017704
realdex,box/box_2_20240110,shadow_e_right_realdex,94.3319936,96.070112512,1.7381189119999902,1428,95.204780032,0.24241742491722107,box,box,Shadow|box|box@94s,1.4091929,1.3925477,1.4256467,1.7932388,0.4990007,0.8966528,1.321678,0.41671863,0.8742179,0.4002732
realdex,box/box_2_20240110,shadow_e_right_realdex,96.743845888,98.60166912,1.8578232320000012,1465,97.67448064,0.25310343503952026,box,box,Shadow|box|box@97s,1.3316152,1.293143,1.2661773,1.1678879,0.5632253,1.0120772,1.3904799,0.49364924,0.833481,0.39182356
realdex,box/box_2_20240110,shadow_e_right_realdex,99.54474624,100.547342592,1.0025963520000118,1500,100.017423872,0.3084067106246948,box,box,Shadow|box|box@100s,1.6402645,1.2101544,1.2683718,1.5646071,0.66896325,1.0933137,1.5470257,0.46886283,0.98299706,0.475056
realdex,box/box_2_20240110,shadow_e_right_realdex,101.94591104,104.142678016,2.1967669760000064,1545,103.012039168,0.19844502210617065,box,box,Shadow|box|box@102s,1.4834354,1.3157959,1.3579634,1.8131458,0.5400489,0.966027,1.419742,0.4386558,0.9552537,0.536387
realdex,box/box_2_20240110,shadow_e_right_realdex,104.939638528,107.08244608,2.1428075519999936,1590,106.003382528,0.2385929524898529,box,box,Shadow|box|box@105s,1.7943261,1.341089,1.2974131,1.3027211,0.52104104,0.9588929,1.4441179,0.43497807,0.83266324,0.36598253
realdex,box/box_2_20240110,shadow_e_right_realdex,107.814813696,109.611181568,1.7963678720000047,1630,108.676534016,0.20522239804267883,box,box,Shadow|box|box@108s,1.436219,1.3606131,1.6410341,2.1232324,0.43362296,0.7924984,1.3608367,0.39875972,1.0690935,0.6717596
realdex,box/box_2_20240110,shadow_e_right_realdex,110.218304768,111.955556864,1.737252096000006,1666,111.084423424,0.26661962270736694,box,box,Shadow|box|box@110s,1.8860527,1.551052,1.4788959,1.5937885,0.48226535,0.9673097,1.3655759,0.47203135,0.9173132,0.4051771
realdex,box/box_2_20240110,shadow_e_right_realdex,112.612818432,114.06920064,1.456382208000008,1700,113.343248896,0.26052698493003845,box,box,Shadow|box|box@113s,1.5354035,1.281909,1.4224168,1.6222652,0.5640689,1.0563455,1.3200054,0.51041114,0.8213745,0.3716829
realdex,box/box_2_20240110,shadow_e_right_realdex,114.739737344,116.205120768,1.4653834239999952,1732,115.475264,0.27490922808647156,box,box,Shadow|box|box@115s,1.3415831,1.3562485,1.2618096,1.1163073,0.49893117,0.89386374,1.3469533,0.40499374,0.93657416,0.48142684
realdex,box/box_2_20240110,shadow_e_right_realdex,116.948343552,118.408664064,1.4603205120000098,1765,117.678654464,0.25469154119491577,box,box,Shadow|box|box@117s,1.5254536,1.4420587,1.433261,1.4198685,0.65566266,1.1279265,1.4481205,0.5121332,0.8526693,0.32587007
realdex,box/box_2_20240110,shadow_e_right_realdex,118.940824576,119.818811392,0.8779868160000035,1790,119.344368384,0.18407782912254333,box,box,Shadow|box|box@119s,1.9216404,1.3061135,1.3519137,1.8660063,0.7872889,1.1561435,1.4200382,0.43202126,0.8279205,0.42581147
realdex,cylinder/cylinder_1_20240106,shadow_e_right_realdex,4.575524096,9.657468928,5.0819448320000005,107,7.110831872,0.2269134223461151,cylinder,large_cylinder,Shadow|large_cylinder|cylinder@5s,1.5758018,1.5557152,1.5243237,1.4872416,0.4941539,0.86164564,1.1659472,0.34063137,0.6425905,0.24229561
realdex,cylinder/cylinder_1_20240106,shadow_e_right_realdex,10.987172864,14.92046848,3.9332956160000005,194,12.911378688,0.17020739614963531,cylinder,large_cylinder,Shadow|large_cylinder|cylinder@11s,1.6404932,1.5238863,1.5999372,1.6048613,0.4193195,0.76896733,1.084059,0.33984712,0.5983106,0.24360332
realdex,cylinder/cylinder_1_20240106,shadow_e_right_realdex,16.384879616,19.645888256,3.26100864,270,17.983442944,0.14772355556488037,cylinder,large_cylinder,Shadow|large_cylinder|cylinder@16s,1.5898225,1.514766,1.5952668,1.6958194,0.44588655,0.7671099,1.0953567,0.35259676,0.67406344,0.32264957
realdex,cylinder/cylinder_1_20240106,shadow_e_right_realdex,21.058824448,24.579001344,3.5201768960000024,342,22.77917952,0.15865486860275269,cylinder,large_cylinder,Shadow|large_cylinder|cylinder@21s,1.594023,1.5876982,1.8564098,2.3358164,0.40260613,0.8275454,1.3628376,0.49897417,1.069782,0.59199107
realdex,cylinder/cylinder_1_20240106,shadow_e_right_realdex,25.65358464,28.183223552,2.529638912000003,404,26.921844224,0.18515606224536896,cylinder,large_cylinder,Shadow|large_cylinder|cylinder@26s,2.1309397,1.5582271,1.5757155,1.835455,0.7952156,1.1736301,1.2929054,0.41873807,0.7187111,0.40483657
realdex,cylinder/cylinder_1_20240106,shadow_e_right_realdex,29.517091072,32.792809216,3.2757181440000025,467,31.122339328,0.18622487783432007,cylinder,large_cylinder,Shadow|large_cylinder|cylinder@30s,2.3271847,1.9050109,1.5608096,1.4150472,0.68528426,1.2728539,1.5020785,0.55285716,0.79765654,0.23329298
realdex,cylinder/cylinder_1_20240106,shadow_e_right_realdex,33.924220928,36.525321728,2.6011008000000047,528,35.187305216,0.20224294066429138,cylinder,large_cylinder,Shadow|large_cylinder|cylinder@34s,2.0882301,1.5906239,1.592121,1.7334096,0.7645041,1.1112679,1.2171595,0.40844855,0.6715195,0.34609544
realdex,cylinder/cylinder_1_20240106,shadow_e_right_realdex,37.722051072,40.589664768,2.8676136959999994,587,39.125894656,0.13628743588924408,cylinder,large_cylinder,Shadow|large_cylinder|cylinder@38s,1.628063,1.5565877,1.7473555,2.2390928,0.3695801,0.7705041,1.3113465,0.43409273,1.02385,0.55106026
realdex,cylinder/cylinder_1_20240106,shadow_e_right_realdex,41.722460416,43.98761728,2.265156864000005,643,42.85836416,0.13726094365119934,cylinder,large_cylinder,Shadow|large_cylinder|cylinder@42s,2.1291797,1.592277,1.5976218,1.8697174,0.69406974,1.0842619,1.4098356,0.46428415,0.8955539,0.44414952
realdex,cylinder/cylinder_1_20240106,shadow_e_right_realdex,45.184221952,48.673512704,3.489290751999995,704,46.930262016,0.1517392098903656,cylinder,large_cylinder,Shadow|large_cylinder|cylinder@45s,1.6227973,1.594202,1.763398,2.3537781,0.41886398,0.7951929,1.3812938,0.40873453,1.0529501,0.6197708
realdex,cylinder/cylinder_1_20240106,shadow_e_right_realdex,49.863331072,52.8034048,2.9400737280000016,770,51.337782272,0.19363872706890106,cylinder,large_cylinder,Shadow|large_cylinder|cylinder@50s,2.0554156,1.5703276,1.5676045,1.84643,0.74716735,1.1413391,1.2838515,0.38734585,0.808041,0.47832972
realdex,cylinder/cylinder_1_20240106,shadow_e_right_realdex,54.208620288,57.13105792,2.9224376320000047,835,55.661584128,0.1963280886411667,cylinder,large_cylinder,Shadow|large_cylinder|cylinder@54s,2.2177536,1.5407649,1.5451691,1.5616426,0.7967651,1.1076851,1.3939986,0.4028145,0.718371,0.33650574
realdex,cylinder/cylinder_1_20240106,shadow_e_right_realdex,58.26274816,61.33764992,3.074901759999996,897,59.79629952,0.14257757365703583,cylinder,large_cylinder,Shadow|large_cylinder|cylinder@58s,1.5819722,1.4914672,1.5570514,1.9908091,0.41290686,0.79037464,1.2423986,0.37278122,0.8753632,0.5607535
realdex,cylinder/cylinder_1_20240106,shadow_e_right_realdex,62.73788288,66.133916672,3.396033791999997,966,64.401027584,0.11715446412563324,cylinder,large_cylinder,Shadow|large_cylinder|cylinder@63s,1.6661379,1.6227837,1.6696863,1.9384278,0.45437402,0.8412695,1.2614666,0.40038645,0.85706663,0.50681317
realdex,cylinder/cylinder_1_20240106,shadow_e_right_realdex,67.468516864,69.802893312,2.3343764480000004,1029,68.604091392,0.18663862347602844,cylinder,large_cylinder,Shadow|large_cylinder|cylinder@67s,2.1669528,1.5701637,1.5668242,1.5909157,0.70415634,1.1077815,1.4784877,0.4252362,0.7540877,0.3452161
realdex,cylinder/cylinder_1_20240106,shadow_e_right_realdex,71.138052096,73.99878656,2.8607344640000036,1088,72.539800064,0.12275902926921844,cylinder,large_cylinder,Shadow|large_cylinder|cylinder@71s,1.6423796,1.5080417,1.5433857,1.9734691,0.4465219,0.817613,1.2551913,0.4159848,0.84844697,0.53001314
realdex,cylinder/cylinder_1_20240106,shadow_e_right_realdex,75.264742912,78.067769088,2.803026176000003,1150,76.66133504,0.18206217885017395,cylinder,large_cylinder,Shadow|large_cylinder|cylinder@75s,2.2030182,1.5757731,1.503073,1.493551,0.77235043,1.196423,1.5198416,0.42904183,0.71078587,0.3224896
realdex,cylinder/cylinder_1_20240106,shadow_e_right_realdex,79.462805504,82.93351424,3.4707087359999917,1218,81.202795776,0.12900273501873016,cylinder,large_cylinder,Shadow|large_cylinder|cylinder@79s,1.6543053,1.5341821,1.6343235,1.9898397,0.40296844,0.8467712,1.2641809,0.4488446,0.8794538,0.48396364
realdex,cylinder/cylinder_1_20240106,shadow_e_right_realdex,84.39934464,87.403947264,3.0046026240000003,1288,85.894099456,0.2242792844772339,cylinder,large_cylinder,Shadow|large_cylinder|cylinder@84s,2.2030513,1.623728,1.5822524,1.6028914,0.7670242,1.1630704,1.4788754,0.38466448,0.811087,0.4044518
realdex,cylinder/cylinder_1_20240106,shadow_e_right_realdex,88.548485376,91.54099968,2.9925143039999966,1350,90.007990016,0.14267101883888245,cylinder,large_cylinder,Shadow|large_cylinder|cylinder@89s,1.6032807,1.5256565,1.6474955,2.0536451,0.4103668,0.74028844,1.2369858,0.35527265,0.91989374,0.5221833
realdex,cylinder/cylinder_1_20240106,shadow_e_right_realdex,92.670869504,95.740818688,3.0699491840000093,1413,94.202358784,0.1879878044128418,cylinder,large_cylinder,Shadow|large_cylinder|cylinder@93s,2.226882,1.6803974,1.6603233,1.7040076,0.75326014,1.1516682,1.5773544,0.41082177,0.8858003,0.4791409
realdex,cylinder/cylinder_1_20240106,shadow_e_right_realdex,96.881435136,99.403793408,2.5223582720000053,1472,98.15245952,0.14954237639904022,cylinder,large_cylinder,Shadow|large_cylinder|cylinder@97s,1.6232861,1.5285743,1.5942248,1.7981477,0.43901774,0.7891629,1.1874343,0.35744905,0.81653774,0.45478046
realdex,cylinder/cylinder_1_20240106,shadow_e_right_realdex,100.544837376,103.952475648,3.407638272,1533,102.209697536,0.16914381086826324,cylinder,large_cylinder,Shadow|large_cylinder|cylinder@101s,2.1395297,1.6137434,1.5420591,1.5656602,0.7600523,1.158633,1.5134345,0.40894797,0.7956928,0.3998086
realdex,cylinder/cylinder_1_20240106,shadow_e_right_realdex,105.0095232,108.480291328,3.470768128000003,1601,106.779192576,0.12722095847129822,cylinder,large_cylinder,Shadow|large_cylinder|cylinder@105s,1.5916959,1.5528176,1.6106087,1.8677031,0.39547575,0.7652556,1.2178591,0.40116215,0.8492125,0.48542
realdex,cylinder/cylinder_1_20240106,shadow_e_right_realdex,109.485328128,112.287838208,2.8025100799999905,1663,110.881898752,0.18877063691616058,cylinder,large_cylinder,Shadow|large_cylinder|cylinder@109s,2.2096193,1.6126463,1.5687345,1.5475779,0.85469127,1.2255119,1.5105296,0.4215625,0.7990139,0.39076066
realdex,cylinder/cylinder_1_20240106,shadow_e_right_realdex,113.488078848,116.563771648,3.075692799999999,1725,115.012945408,0.13001178205013275,cylinder,large_cylinder,Shadow|large_cylinder|cylinder@113s,1.802358,1.6402147,1.662584,1.9300623,0.48211506,0.8795275,1.4001604,0.41070506,0.9203138,0.5365532
realdex,cylinder/cylinder_1_20240106,shadow_e_right_realdex,117.75222912,119.751579392,1.999350272000001,1781,118.748822016,0.22239693999290466,cylinder,large_cylinder,Shadow|large_cylinder|cylinder@118s,2.327751,1.5374441,1.5085346,1.4891188,0.9658436,1.3302264,1.6560012,0.3994444,0.65030956,0.283523
realdex,cylinder/cylinder_2_20240110,shadow_e_right_realdex,1.596032256,5.659165184,4.063132928,54,3.597709824,0.12649118900299072,cylinder,large_cylinder,Shadow|large_cylinder|cylinder@2s,2.0388741,1.8770659,1.9503267,2.0427065,0.5141102,0.92215765,1.3744826,0.41334313,0.88303745,0.4996242
realdex,cylinder/cylinder_2_20240110,shadow_e_right_realdex,6.6576832,9.136052224,2.478369024,118,7.902962176,0.18463493883609772,cylinder,large_cylinder,Shadow|large_cylinder|cylinder@7s,1.8468132,1.6075808,1.5782117,1.7616683,0.53709203,0.89553964,1.3630221,0.3862242,0.82225674,0.4345533
realdex,cylinder/cylinder_2_20240110,shadow_e_right_realdex,9.932612864,12.672076544,2.73946368,169,11.2751168,0.1694944202899933,cylinder,large_cylinder,Shadow|large_cylinder|cylinder@10s,2.1003335,1.6789292,1.562517,1.678267,0.5724058,0.99703825,1.38989,0.4299476,0.86694217,0.42599732
realdex,cylinder/cylinder_2_20240110,shadow_e_right_realdex,13.404060416,16.263548672,2.859488255999999,222,14.798396928,0.1289357841014862,cylinder,large_cylinder,Shadow|large_cylinder|cylinder@13s,1.6353649,1.6020705,1.6285079,1.8243753,0.4403091,0.84072614,1.2776829,0.44475877,0.88673544,0.44508472
realdex,cylinder/cylinder_2_20240110,shadow_e_right_realdex,17.069048576,20.736425728,3.6673771520000003,283,18.876032,0.1727990061044693,cylinder,large_cylinder,Shadow|large_cylinder|cylinder@17s,2.0379918,1.7201753,1.6469312,1.806488,0.65167403,1.0114565,1.4025104,0.45249957,0.8979938,0.464989
realdex,cylinder/cylinder_2_20240110,shadow_e_right_realdex,21.528005376,23.92782464,2.3998192640000013,341,22.726076672,0.13083963096141815,cylinder,large_cylinder,Shadow|large_cylinder|cylinder@22s,1.6896055,1.6506301,1.7084262,1.9289366,0.4618813,0.9023585,1.33605,0.41219056,0.9084482,0.5251696
realdex,cylinder/cylinder_2_20240110,shadow_e_right_realdex,24.599633152,27.072509696,2.472876544000002,387,25.80346368,0.15885229408740997,cylinder,large_cylinder,Shadow|large_cylinder|cylinder@25s,1.9797575,1.6028059,1.5804448,1.7437018,0.54693,0.9828965,1.4520328,0.4619162,0.96004593,0.5036601
realdex,cylinder/cylinder_2_20240110,shadow_e_right_realdex,27.803072,30.465271296,2.6621992960000007,437,29.142677504,0.16196748614311218,cylinder,large_cylinder,Shadow|large_cylinder|cylinder@28s,2.0806367,1.6767827,1.5557152,1.6636548,0.6519774,0.94528514,1.474022,0.38855007,0.8407943,0.4299894
realdex,cylinder/cylinder_2_20240110,shadow_e_right_realdex,31.1978944,34.067415808,2.8695214080000007,489,32.599001856,0.11999819427728653,cylinder,large_cylinder,Shadow|large_cylinder|cylinder@31s,1.5246193,1.5435827,1.6125454,1.9087042,0.43905675,0.8187069,1.340394,0.4189698,0.94104075,0.5277302
realdex,cylinder/cylinder_2_20240110,shadow_e_right_realdex,34.745575424,37.349421568,2.603846143999995,540,36.011792128,0.15752515196800232,cylinder,large_cylinder,Shadow|large_cylinder|cylinder@35s,1.9403095,1.6429156,1.6354768,1.814426,0.53807735,0.91560143,1.4658506,0.4323478,0.9065969,0.4498352
realdex,cylinder/cylinder_2_20240110,shadow_e_right_realdex,37.935363584,40.341646592,2.4062830079999955,587,39.141969408,0.15860745310783386,cylinder,large_cylinder,Shadow|large_cylinder|cylinder@38s,1.9763825,1.6890997,1.6616851,1.7152605,0.58523655,0.9873749,1.5320307,0.40108317,0.905817,0.47221234
realdex,cylinder/cylinder_2_20240110,shadow_e_right_realdex,40.941006592,43.807360256,2.866353664000002,635,42.334392576,0.1269153654575348,cylinder,large_cylinder,Shadow|large_cylinder|cylinder@41s,1.6127934,1.5811307,1.6274335,1.8652794,0.4721223,0.8267267,1.3542712,0.38757563,0.90249944,0.5270711
realdex,cylinder/cylinder_2_20240110,shadow_e_right_realdex,44.408267264,47.210664448,2.802397184,687,45.811157504,0.13736942410469055,cylinder,large_cylinder,Shadow|large_cylinder|cylinder@44s,1.9481148,1.4854395,1.4870572,1.5833164,0.5869278,0.9285534,1.4360812,0.403984,0.83407336,0.41190773
realdex,cylinder/cylinder_2_20240110,shadow_e_right_realdex,48.14484608,50.957457408,2.8126113280000027,743,49.54662656,0.13984127342700958,cylinder,large_cylinder,Shadow|large_cylinder|cylinder@48s,1.5341465,1.5325459,1.5319039,1.7371452,0.45371687,0.83177626,1.3703284,0.39549986,0.88405967,0.50396526
realdex,cylinder/cylinder_2_20240110,shadow_e_right_realdex,51.890338048,54.219267584,2.328929536000004,795,53.027615232,0.13709701597690582,cylinder,large_cylinder,Shadow|large_cylinder|cylinder@52s,1.8689892,1.642048,1.6224818,1.7424369,0.551445,0.94890916,1.4128017,0.41633436,0.88380635,0.47795904
realdex,cylinder/cylinder_2_20240110,shadow_e_right_realdex,55.149088768,57.480257024,2.331168255999998,844,56.276798208,0.12625251710414886,cylinder,large_cylinder,Shadow|large_cylinder|cylinder@55s,1.5335342,1.5029682,1.5483081,1.687954,0.42775643,0.774526,1.181748,0.3724048,0.771379,0.414526
realdex,cylinder/cylinder_2_20240110,shadow_e_right_realdex,58.482509824,60.959097856,2.476588032000002,895,59.693080832,0.11953028291463852,cylinder,large_cylinder,Shadow|large_cylinder|cylinder@58s,1.5514662,1.569417,1.6505158,1.8901327,0.41820645,0.83527374,1.3230982,0.46576896,0.9863602,0.53292525
realdex,cylinder/cylinder_2_20240110,shadow_e_right_realdex,61.817902592,64.342290944,2.5243883519999955,946,63.089341696,0.1298981010913849,cylinder,large_cylinder,Shadow|large_cylinder|cylinder@62s,1.7795881,1.5578842,1.5704364,1.6761407,0.46127474,0.8551821,1.3006184,0.37729198,0.7957068,0.4228236
realdex,cylinder/cylinder_2_20240110,shadow_e_right_realdex,65.281715968,68.6178752,3.336159232,1004,66.954523904,0.11584250628948212,cylinder,large_cylinder,Shadow|large_cylinder|cylinder@65s,1.6608179,1.600539,1.5882396,1.7453536,0.44491804,0.8393458,1.3732027,0.4227218,0.9280321,0.49935496
realdex,cylinder/cylinder_2_20240110,shadow_e_right_realdex,69.479839232,72.423100416,2.9432611839999936,1064,70.949639424,0.17607267200946808,cylinder,large_cylinder,Shadow|large_cylinder|cylinder@69s,2.0300906,1.7562981,1.7222384,1.9236838,0.5284402,1.0298866,1.5705994,0.49091244,1.0478326,0.5427703
realdex,cylinder/cylinder_2_20240110,shadow_e_right_realdex,73.158162432,75.759761152,2.6015987199999984,1116,74.42077824,0.12048361450433731,cylinder,large_cylinder,Shadow|large_cylinder|cylinder@73s,1.7989805,1.6477191,1.673071,1.8319664,0.43394572,0.8291122,1.316263,0.37980646,0.8281603,0.46182254
realdex,cylinder/cylinder_2_20240110,shadow_e_right_realdex,76.556243456,79.146181376,2.589937919999997,1167,77.8187712,0.16433987021446228,cylinder,large_cylinder,Shadow|large_cylinder|cylinder@77s,1.8827728,1.5806644,1.5553792,1.6433703,0.5270561,1.0189929,1.3470659,0.46120584,0.84433174,0.41343084
realdex,cylinder/cylinder_2_20240110,shadow_e_right_realdex,80.021997312,82.751810816,2.729813504000006,1220,81.359679488,0.14656518399715424,cylinder,large_cylinder,Shadow|large_cylinder|cylinder@80s,1.6654083,1.6934325,1.7127357,1.8538727,0.41369447,0.7769935,1.329505,0.37335938,0.94375587,0.51414526
realdex,cylinder/cylinder_2_20240110,shadow_e_right_realdex,83.50072704,85.702702336,2.2019752960000005,1268,84.560116992,0.16731029748916626,cylinder,large_cylinder,Shadow|large_cylinder|cylinder@84s,1.900698,1.6066284,1.555963,1.6689091,0.5461079,0.9492845,1.3837489,0.40796202,0.8654908,0.46126834
realdex,cylinder/cylinder_2_20240110,shadow_e_right_realdex,86.494579968,88.498398976,2.003819008000008,1312,87.498810368,0.12093637883663177,cylinder,large_cylinder,Shadow|large_cylinder|cylinder@86s,1.6165998,1.5480505,1.6412354,1.8481647,0.43470347,0.8314178,1.2958549,0.41717452,0.89343005,0.507621
realdex,cylinder/cylinder_2_20240110,shadow_e_right_realdex,89.2348864,91.30656384,2.071677440000002,1353,90.228448768,0.14011646807193756,cylinder,large_cylinder,Shadow|large_cylinder|cylinder@89s,1.798928,1.5825028,1.5397522,1.6495489,0.47327906,0.89985824,1.3203837,0.43653727,0.8549504,0.43370306
realdex,cylinder/cylinder_2_20240110,shadow_e_right_realdex,92.106523392,94.300047104,2.193523712000001,1397,93.167876352,0.12550678849220276,cylinder,large_cylinder,Shadow|large_cylinder|cylinder@92s,1.6946018,1.555455,1.5923421,1.6540494,0.46819377,0.89359033,1.30524,0.3877866,0.79895353,0.41848856
realdex,cylinder/cylinder_2_20240110,shadow_e_right_realdex,94.90168704,97.49755904,2.595872,1442,96.154532096,0.12623491883277893,cylinder,large_cylinder,Shadow|large_cylinder|cylinder@95s,1.7429852,1.5287216,1.4940646,1.6055553,0.50542426,0.908597,1.3503649,0.40194187,0.836231,0.43512774
realdex,cylinder/cylinder_2_20240110,shadow_e_right_realdex,98.163035392,100.170733312,2.0076979199999982,1487,99.160378112,0.1577461063861847,cylinder,large_cylinder,Shadow|large_cylinder|cylinder@98s,1.8680248,1.6454817,1.6203682,1.7473767,0.47622174,0.85402066,1.3179399,0.3975021,0.8619347,0.44811597
realdex,cylinder/cylinder_2_20240110,shadow_e_right_realdex,101.037529088,103.23213824,2.194609151999998,1531,102.090831104,0.13114401698112488,cylinder,large_cylinder,Shadow|large_cylinder|cylinder@101s,1.6583357,1.5511246,1.6352434,1.8207195,0.45734334,0.82111114,1.2773855,0.37583143,0.8801423,0.5026343
realdex,cylinder/cylinder_2_20240110,shadow_e_right_realdex,103.907044608,105.969424384,2.062379776,1573,104.89386368,0.17952707409858704,cylinder,large_cylinder,Shadow|large_cylinder|cylinder@104s,1.9514934,1.6382357,1.6152999,1.8844697,0.4968984,0.90630114,1.4779563,0.42376262,0.9695548,0.5056728
realdex,cylinder/cylinder_2_20240110,shadow_e_right_realdex,106.760385792,108.509079808,1.7486940160000017,1614,107.63571712,0.11212263256311417,cylinder,large_cylinder,Shadow|large_cylinder|cylinder@107s,1.6101649,1.5429354,1.5916102,1.7731816,0.41247916,0.7913607,1.2775677,0.37865183,0.8940583,0.51396674
realdex,cylinder/cylinder_2_20240110,shadow_e_right_realdex,109.372215296,111.305409792,1.933194496000013,1654,110.304336128,0.17743276059627533,cylinder,large_cylinder,Shadow|large_cylinder|cylinder@109s,1.7127322,1.5265336,1.511411,1.6785781,0.48861957,0.7804786,1.3014603,0.3595059,0.87351024,0.49705714
realdex,cylinder/cylinder_2_20240110,shadow_e_right_realdex,111.972093696,114.168397824,2.196304127999994,1695,113.029636096,0.14518898725509644,cylinder,large_cylinder,Shadow|large_cylinder|cylinder@112s,1.6727061,1.604323,1.6242433,1.8305274,0.4137274,0.79313165,1.2721387,0.40311325,0.8982418,0.5138684
realdex,cylinder/cylinder_2_20240110,shadow_e_right_realdex,114.83077248,116.990395904,2.159623424000003,1738,115.900288256,0.1409473568201065,cylinder,large_cylinder,Shadow|large_cylinder|cylinder@115s,1.7425671,1.5301067,1.5509515,1.7119969,0.4885343,0.84408,1.3421127,0.37545192,0.8634894,0.45029482
realdex,cylinder/cylinder_2_20240110,shadow_e_right_realdex,117.776669696,119.970975488,2.1943057919999944,1782,118.841163264,0.1209264025092125,cylinder,large_cylinder,Shadow|large_cylinder|cylinder@118s,1.5998361,1.5496378,1.5984073,1.8129027,0.4224503,0.7694749,1.2891066,0.36656943,0.90269,0.50805
